Workbook

Sheet Sheet1
A1: REKAP TABUNGAN SISWA
A2: SMK GLOBIN
A4: Kelas | C4: XII - OTKP 1
A5: Tahun Ajaran | C5: 2025/2026
A6: Total Tabungan | C6: =SUM(F9:F58) -> 3219000
A8: NO | B8: NIS | C8: NAMA SISWA | D8: SETORAN | E8: PENARIKAN | F8: SALDO AKHIR
A9: =IF(C9<>"",ROW()-8,"") -> 1 | B9: 231001284 | C9: AENA NUR BAENI | D9: ='1'!C6 -> 43000 | E9: ='1'!C7 -> 0 | F9: ='1'!C8 -> 43000
A10: =IF(C10<>"",ROW()-8,"") -> 2 | B10: 231001285 | C10: AENI NURBAYANI | D10: ='2'!C6 -> 43000 | E10: ='2'!C7 -> 0 | F10: ='2'!C8 -> 43000
A11: =IF(C11<>"",ROW()-8,"") -> 3 | B11: 231001286 | C11: ALYA RAMADHANI | D11: ='3'!C6 -> 80000 | E11: ='3'!C7 -> 0 | F11: ='3'!C8 -> 80000
A12: =IF(C12<>"",ROW()-8,"") -> 4 | B12: 231001287 | C12: ARIFFAH FARLY | D12: ='4'!C6 -> 48000 | E12: ='4'!C7 -> 0 | F12: ='4'!C8 -> 48000
A13: =IF(C13<>"",ROW()-8,"") -> 5 | B13: 231001288 | C13: DAVINA | D13: ='5'!C6 -> 31000 | E13: ='5'!C7 -> 0 | F13: ='5'!C8 -> 31000
A14: =IF(C14<>"",ROW()-8,"") -> 6 | B14: 231001289 | C14: DELA LESTARI | D14: ='6'!C6 -> 85000 | E14: ='6'!C7 -> 0 | F14: ='6'!C8 -> 85000
A15: =IF(C15<>"",ROW()-8,"") -> 7 | B15: 231001290 | C15: DIMAS ERLANGGA | D15: ='7'!C6 -> 84000 | E15: ='7'!C7 -> 0 | F15: ='7'!C8 -> 84000
A16: =IF(C16<>"",ROW()-8,"") -> 8 | B16: 231001291 | C16: DINI ANJANI NUR AENI | D16: ='8'!C6 -> 38000 | E16: ='8'!C7 -> 0 | F16: ='8'!C8 -> 38000
A17: =IF(C17<>"",ROW()-8,"") -> 9 | B17: 231001292 | C17: FITRYA | D17: ='9'!C6 -> 109000 | E17: ='9'!C7 -> 0 | F17: ='9'!C8 -> 109000
A18: =IF(C18<>"",ROW()-8,"") -> 10 | B18: 231001293 | C18: HALIMATUSSADIAH | D18: ='10'!C6 -> 132000 | E18: ='10'!C7 -> 0 | F18: ='10'!C8 -> 132000
A19: =IF(C19<>"",ROW()-8,"") -> 11 | B19: 231001294 | C19: IKSAN NUGRAHA | D19: ='11'!C6 -> 18000 | E19: ='11'!C7 -> 0 | F19: ='11'!C8 -> 18000
A20: =IF(C20<>"",ROW()-8,"") -> 12 | B20: 231001295 | C20: JULIA | D20: ='12'!C6 -> 100000 | E20: ='12'!C7 -> 100000 | F20: ='12'!C8 -> 0
A21: =IF(C21<>"",ROW()-8,"") -> 13 | B21: 231001296 | C21: KANANTI MAHARDINI | D21: ='13'!C6 -> 64000 | E21: ='13'!C7 -> 50000 | F21: ='13'!C8 -> 14000
A22: =IF(C22<>"",ROW()-8,"") -> 14 | B22: 231001299 | C22: M. IRWAN RUHIANSYAH | D22: ='14'!C6 -> 150000 | E22: ='14'!C7 -> 15000 | F22: ='14'!C8 -> 135000
A23: =IF(C23<>"",ROW()-8,"") -> 15 | B23: 231001297 | C23: MEYLANI SRI RAHAYU | D23: ='15'!C6 -> 100000 | E23: ='15'!C7 -> 0 | F23: ='15'!C8 -> 100000
A24: =IF(C24<>"",ROW()-8,"") -> 16 | B24: 231001298 | C24: MORENO RAFAEL RADITYA NANDA | D24: ='16'!C6 -> 305000 | E24: ='16'!C7 -> 0 | F24: ='16'!C8 -> 305000
A25: =IF(C25<>"",ROW()-8,"") -> 17 | B25: 231001408 | C25: MUHAMAD ABYANSAH | D25: ='17'!C6 -> 80000 | E25: ='17'!C7 -> 0 | F25: ='17'!C8 -> 80000
A26: =IF(C26<>"",ROW()-8,"") -> 18 | B26: 231001413 | C26: MUHAMAD RASYA | D26: ='18'!C6 -> 66000 | E26: ='18'!C7 -> 50000 | F26: ='18'!C8 -> 16000
A27: =IF(C27<>"",ROW()-8,"") -> 19 | B27: 231001301 | C27: MUHAMAD TIRTA YASA | D27: ='19'!C6 -> 57000 | E27: ='19'!C7 -> 0 | F27: ='19'!C8 -> 57000
A28: =IF(C28<>"",ROW()-8,"") -> 20 | B28: 231001303 | C28: MUTIA SULISTIAWATI | D28: ='20'!C6 -> 205000 | E28: ='20'!C7 -> 0 | F28: ='20'!C8 -> 205000
A29: =IF(C29<>"",ROW()-8,"") -> 21 | B29: 231001304 | C29: NABILA SAKIB | D29: ='21'!C6 -> 67000 | E29: ='21'!C7 -> 0 | F29: ='21'!C8 -> 67000
A30: =IF(C30<>"",ROW()-8,"") -> 22 | B30: 231001305 | C30: NANDA ASSIFA | D30: ='22'!C6 -> 50000 | E30: ='22'!C7 -> 0 | F30: ='22'!C8 -> 50000
A31: =IF(C31<>"",ROW()-8,"") -> 23 | B31: 231001306 | C31: PUTRI ANISA | D31: ='23'!C6 -> 55000 | E31: ='23'!C7 -> 0 | F31: ='23'!C8 -> 55000
A32: =IF(C32<>"",ROW()-8,"") -> 24 | B32: 231001307 | C32: QAIS NUR SYAHRANI | D32: ='24'!C6 -> 50000 | E32: ='24'!C7 -> 0 | F32: ='24'!C8 -> 50000
A33: =IF(C33<>"",ROW()-8,"") -> 25 | B33: 231001309 | C33: RIKA AJENG OKTAPIA | D33: ='25'!C6 -> 135000 | E33: ='25'!C7 -> 0 | F33: ='25'!C8 -> 135000
A34: =IF(C34<>"",ROW()-8,"") -> 26 | B34: 231001310 | C34: RIKI BAYU KRISTI | D34: ='26'!C6 -> 11000 | E34: ='26'!C7 -> 0 | F34: ='26'!C8 -> 11000
A35: =IF(C35<>"",ROW()-8,"") -> 27 | B35: 231001311 | C35: RIZKI RIPATULLOH | D35: ='27'!C6 -> 145000 | E35: ='27'!C7 -> 0 | F35: ='27'!C8 -> 145000
A36: =IF(C36<>"",ROW()-8,"") -> 28 | B36: 231001312 | C36: SALSA NABILA NUR FITRIA | D36: ='28'!C6 -> 79000 | E36: ='28'!C7 -> 50000 | F36: ='28'!C8 -> 29000
A37: =IF(C37<>"",ROW()-8,"") -> 29 | B37: 231001314 | C37: SHYSIL HERLYA RAMADHANI | D37: ='29'!C6 -> 94000 | E37: ='29'!C7 -> 0 | F37: ='29'!C8 -> 94000
A38: =IF(C38<>"",ROW()-8,"") -> 30 | B38: 231001315 | C38: SIFA ANINDIA | D38: ='30'!C6 -> 100000 | E38: ='30'!C7 -> 75000 | F38: ='30'!C8 -> 25000
A39: =IF(C39<>"",ROW()-8,"") -> 31 | B39: 231001316 | C39: SITI HANNA MUZVIROH | D39: ='31'!C6 -> 280000 | E39: ='31'!C7 -> 0 | F39: ='31'!C8 -> 280000
A40: =IF(C40<>"",ROW()-8,"") -> 32 | B40: 231001317 | C40: SITI MAULIDA KARATUA | D40: ='32'!C6 -> 28000 | E40: ='32'!C7 -> 0 | F40: ='32'!C8 -> 28000
A41: =IF(C41<>"",ROW()-8,"") -> 33 | B41: 231001318 | C41: SITI MUFLIHAH OKTAVIANI | D41: ='33'!C6 -> 122000 | E41: ='33'!C7 -> 0 | F41: ='33'!C8 -> 122000
A42: =IF(C42<>"",ROW()-8,"") -> 34 | B42: 231001319 | C42: SITI NUR PADILAH | D42: ='34'!C6 -> 82000 | E42: ='34'!C7 -> 0 | F42: ='34'!C8 -> 82000
A43: =IF(C43<>"",ROW()-8,"") -> 35 | B43: 231001320 | C43: ULIS | D43: ='35'!C6 -> 350000 | E43: ='35'!C7 -> 0 | F43: ='35'!C8 -> 350000
A44: =IF(C44<>"",ROW()-8,"") -> 36 | B44: 231001322 | C44: XENA AULYA CANTYKA RAMADANY | D44: ='36'!C6 -> 33000 | E44: ='36'!C7 -> 0 | F44: ='36'!C8 -> 33000
A45: =IF(C45<>"",ROW()-8,"") -> 37 | B45: 231001323 | C45: YUNI RAHMAWATI | D45: ='37'!C6 -> 40000 | E45: ='37'!C7 -> 0 | F45: ='37'!C8 -> 40000
A46: =IF(C46<>"",ROW()-8,"") -> 38 | B46: 38 | C46: 38 | D46: ='38'!C6 -> 0 | E46: ='38'!C7 -> 0 | F46: ='38'!C8 -> 0
A47: =IF(C47<>"",ROW()-8,"") -> 39 | B47: 39 | C47: 39 | D47: ='39'!C6 -> 0 | E47: ='39'!C7 -> 0 | F47: ='39'!C8 -> 0
A48: =IF(C48<>"",ROW()-8,"") -> 40 | B48: 40 | C48: 40 | D48: ='40'!C6 -> 0 | E48: ='40'!C7 -> 0 | F48: ='40'!C8 -> 0
A49: =IF(C49<>"",ROW()-8,"") -> 41 | B49: 41 | C49: 41 | D49: ='41'!C6 -> 0 | E49: ='41'!C7 -> 0 | F49: ='41'!C8 -> 0
A50: =IF(C50<>"",ROW()-8,"") -> 42 | B50: 42 | C50: 42 | D50: ='42'!C6 -> 0 | E50: ='42'!C7 -> 0 | F50: ='42'!C8 -> 0
A51: =IF(C51<>"",ROW()-8,"") -> 43 | B51: 43 | C51: 43 | D51: ='43'!C6 -> 0 | E51: ='43'!C7 -> 0 | F51: ='43'!C8 -> 0
A52: =IF(C52<>"",ROW()-8,"") -> 44 | B52: 44 | C52: 44 | D52: ='44'!C6 -> 0 | E52: ='44'!C7 -> 0 | F52: ='44'!C8 -> 0
A53: =IF(C53<>"",ROW()-8,"") -> 45 | B53: 45 | C53: 45 | D53: ='45'!C6 -> 0 | E53: ='45'!C7 -> 0 | F53: ='45'!C8 -> 0
A54: =IF(C54<>"",ROW()-8,"") -> 46 | B54: 46 | C54: 46 | D54: ='46'!C6 -> 0 | E54: ='46'!C7 -> 0 | F54: ='46'!C8 -> 0
A55: =IF(C55<>"",ROW()-8,"") -> 47 | B55: 47 | C55: 47 | D55: ='47'!C6 -> 0 | E55: ='47'!C7 -> 0 | F55: ='47'!C8 -> 0
A56: =IF(C56<>"",ROW()-8,"") -> 48 | B56: 48 | C56: 48 | D56: ='48'!C6 -> 0 | E56: ='48'!C7 -> 0 | F56: ='48'!C8 -> 0
A57: =IF(C57<>"",ROW()-8,"") -> 49 | B57: 49 | C57: 49 | D57: ='49'!C6 -> 0 | E57: ='49'!C7 -> 0 | F57: ='49'!C8 -> 0
A58: =IF(C58<>"",ROW()-8,"") -> 50 | B58: 50 | C58: 50 | D58: ='50'!C6 -> 0 | E58: ='50'!C7 -> 0 | F58: ='50'!C8 -> 0
D60: Dramaga, …......................2026
D61: Pengelola Tabungan
D65: SARI MAYA, S.Pd., Gr.

Sheet 1
A1: BUKU TABUNGAN SISWA
A3: Nama | C3: =Sheet1!C9 -> AENA NUR BAENI
A4: NIS | C4: =Sheet1!B9 -> 231001284
A5: Kelas | C5: =Sheet1!C4 -> XII - OTKP 1
A6: Jumlah Setoran | C6: =SUM(C12:C376) -> 43000
A7: Jumlah Penarikan | C7: =SUM(D12:D376) -> 0
A8: Saldo Tabungan | C8: =SUM(C6-C7) -> 43000
A11: NO | B11: TANGGAL | C11: SETORAN | D11: PENARIKAN | E11: SALDO
A12: =IF(B12<>"",ROW()-11,"") -> 1 | B12: 45852 | C12: 39000 | E12: =IF(B12<>"",C12-D12,"") -> 39000 | I12: 1
A13: =IF(B13<>"",ROW()-11,"") -> 2 | B13: 45853 | E13: =IF(B13<>"",E12+C13-D13,"") -> 39000 | I13: 2
A14: =IF(B14<>"",ROW()-11,"") -> 3 | B14: 45854 | E14: =IF(B14<>"",E13+C14-D14,"") -> 39000 | I14: 3
A15: =IF(B15<>"",ROW()-11,"") -> 4 | B15: 45855 | E15: =IF(B15<>"",E14+C15-D15,"") -> 39000 | I15: 4
A16: =IF(B16<>"",ROW()-11,"") -> 5 | B16: 45856 | E16: =IF(B16<>"",E15+C16-D16,"") -> 39000 | I16: 5
A17: =IF(B17<>"",ROW()-11,"") -> 6 | B17: 45857 | E17: =IF(B17<>"",E16+C17-D17,"") -> 39000 | I17: 6
A18: =IF(B18<>"",ROW()-11,"") -> 7 | B18: 45858 | E18: =IF(B18<>"",E17+C18-D18,"") -> 39000 | I18: 7
A19: =IF(B19<>"",ROW()-11,"") -> 8 | B19: 45859 | E19: =IF(B19<>"",E18+C19-D19,"") -> 39000 | I19: 8
A20: =IF(B20<>"",ROW()-11,"") -> 9 | B20: 45860 | E20: =IF(B20<>"",E19+C20-D20,"") -> 39000 | I20: 9
A21: =IF(B21<>"",ROW()-11,"") -> 10 | B21: 45861 | E21: =IF(B21<>"",E20+C21-D21,"") -> 39000 | I21: 10
A22: =IF(B22<>"",ROW()-11,"") -> 11 | B22: 45862 | C22: 2000 | E22: =IF(B22<>"",E21+C22-D22,"") -> 41000 | I22: 11
A23: =IF(B23<>"",ROW()-11,"") -> 12 | B23: 45863 | E23: =IF(B23<>"",E22+C23-D23,"") -> 41000 | I23: 12
A24: =IF(B24<>"",ROW()-11,"") -> 13 | B24: 45864 | E24: =IF(B24<>"",E23+C24-D24,"") -> 41000 | I24: 13
A25: =IF(B25<>"",ROW()-11,"") -> 14 | B25: 45865 | E25: =IF(B25<>"",E24+C25-D25,"") -> 41000 | I25: 14
A26: =IF(B26<>"",ROW()-11,"") -> 15 | B26: 45866 | E26: =IF(B26<>"",E25+C26-D26,"") -> 41000 | I26: 15
A27: =IF(B27<>"",ROW()-11,"") -> 16 | B27: 45867 | E27: =IF(B27<>"",E26+C27-D27,"") -> 41000 | I27: 16
A28: =IF(B28<>"",ROW()-11,"") -> 17 | B28: 45868 | E28: =IF(B28<>"",E27+C28-D28,"") -> 41000 | I28: 17
A29: =IF(B29<>"",ROW()-11,"") -> 18 | B29: 45869 | E29: =IF(B29<>"",E28+C29-D29,"") -> 41000 | I29: 18
A30: =IF(B30<>"",ROW()-11,"") -> 19 | B30: 45870 | E30: =IF(B30<>"",E29+C30-D30,"") -> 41000 | I30: 19
A31: =IF(B31<>"",ROW()-11,"") -> 20 | B31: 45871 | E31: =IF(B31<>"",E30+C31-D31,"") -> 41000 | I31: 20
A32: =IF(B32<>"",ROW()-11,"") -> 21 | B32: 45872 | E32: =IF(B32<>"",E31+C32-D32,"") -> 41000 | I32: 21
A33: =IF(B33<>"",ROW()-11,"") -> 22 | B33: 45873 | C33: 2000 | E33: =IF(B33<>"",E32+C33-D33,"") -> 43000 | I33: 22
A34: =IF(B34<>"",ROW()-11,"") -> 23 | B34: 45874 | E34: =IF(B34<>"",E33+C34-D34,"") -> 43000 | I34: 23
A35: =IF(B35<>"",ROW()-11,"") -> 24 | B35: 45875 | E35: =IF(B35<>"",E34+C35-D35,"") -> 43000 | I35: 24
A36: =IF(B36<>"",ROW()-11,"") -> 25 | B36: 45876 | E36: =IF(B36<>"",E35+C36-D36,"") -> 43000 | I36: 25
A37: =IF(B37<>"",ROW()-11,"") -> 26 | B37: 45877 | E37: =IF(B37<>"",E36+C37-D37,"") -> 43000 | I37: 26
A38: =IF(B38<>"",ROW()-11,"") -> 27 | B38: 45878 | E38: =IF(B38<>"",E37+C38-D38,"") -> 43000 | I38: 27
A39: =IF(B39<>"",ROW()-11,"") -> 28 | B39: 45879 | E39: =IF(B39<>"",E38+C39-D39,"") -> 43000 | I39: 28
A40: =IF(B40<>"",ROW()-11,"") -> 29 | B40: 45880 | E40: =IF(B40<>"",E39+C40-D40,"") -> 43000 | I40: 29
A41: =IF(B41<>"",ROW()-11,"") -> 30 | B41: 45881 | E41: =IF(B41<>"",E40+C41-D41,"") -> 43000 | I41: 30
A42: =IF(B42<>"",ROW()-11,"") -> 31 | B42: 45882 | E42: =IF(B42<>"",E41+C42-D42,"") -> 43000 | I42: 31
A43: =IF(B43<>"",ROW()-11,"") -> 32 | B43: 45883 | E43: =IF(B43<>"",E42+C43-D43,"") -> 43000 | I43: 32
A44: =IF(B44<>"",ROW()-11,"") -> 33 | B44: 45884 | E44: =IF(B44<>"",E43+C44-D44,"") -> 43000 | I44: 33
A45: =IF(B45<>"",ROW()-11,"") -> 34 | B45: 45885 | E45: =IF(B45<>"",E44+C45-D45,"") -> 43000 | I45: 34
... A376: =IF(B376<>"",ROW()-11,"") -> 365 | B376: 46216 | E376: =IF(B376<>"",E375+C376-D376,"") -> 43000 | I376: 365

Sheet 2
A1: BUKU TABUNGAN SISWA
A3: Nama | C3: =Sheet1!C10 -> AENI NURBAYANI
A4: NIS | C4: =Sheet1!B10 -> 231001285
A5: Kelas | C5: =Sheet1!C4 -> XII - OTKP 1
A6: Jumlah Setoran | C6: =SUM(C12:C376) -> 43000
A7: Jumlah Penarikan | C7: =SUM(D12:D376) -> 0
A8: Saldo Tabungan | C8: =SUM(C6-C7) -> 43000
A11: NO | B11: TANGGAL | C11: SETORAN | D11: PENARIKAN | E11: SALDO
A12: =IF(B12<>"",ROW()-11,"") -> 1 | B12: 45852 | C12: 39000 | E12: =IF(B12<>"",C12-D12,"") -> 39000 | I12: 1
A13: =IF(B13<>"",ROW()-11,"") -> 2 | B13: 45853 | E13: =IF(B13<>"",E12+C13-D13,"") -> 39000 | I13: 2
A14: =IF(B14<>"",ROW()-11,"") -> 3 | B14: 45854 | E14: =IF(B14<>"",E13+C14-D14,"") -> 39000 | I14: 3
A15: =IF(B15<>"",ROW()-11,"") -> 4 | B15: 45855 | E15: =IF(B15<>"",E14+C15-D15,"") -> 39000 | I15: 4
A16: =IF(B16<>"",ROW()-11,"") -> 5 | B16: 45856 | E16: =IF(B16<>"",E15+C16-D16,"") -> 39000 | I16: 5
A17: =IF(B17<>"",ROW()-11,"") -> 6 | B17: 45857 | E17: =IF(B17<>"",E16+C17-D17,"") -> 39000 | I17: 6
A18: =IF(B18<>"",ROW()-11,"") -> 7 | B18: 45858 | E18: =IF(B18<>"",E17+C18-D18,"") -> 39000 | I18: 7
A19: =IF(B19<>"",ROW()-11,"") -> 8 | B19: 45859 | E19: =IF(B19<>"",E18+C19-D19,"") -> 39000 | I19: 8
A20: =IF(B20<>"",ROW()-11,"") -> 9 | B20: 45860 | E20: =IF(B20<>"",E19+C20-D20,"") -> 39000 | I20: 9
A21: =IF(B21<>"",ROW()-11,"") -> 10 | B21: 45861 | E21: =IF(B21<>"",E20+C21-D21,"") -> 39000 | I21: 10
A22: =IF(B22<>"",ROW()-11,"") -> 11 | B22: 45862 | C22: 2000 | E22: =IF(B22<>"",E21+C22-D22,"") -> 41000 | I22: 11
A23: =IF(B23<>"",ROW()-11,"") -> 12 | B23: 45863 | E23: =IF(B23<>"",E22+C23-D23,"") -> 41000 | I23: 12
A24: =IF(B24<>"",ROW()-11,"") -> 13 | B24: 45864 | E24: =IF(B24<>"",E23+C24-D24,"") -> 41000 | I24: 13
A25: =IF(B25<>"",ROW()-11,"") -> 14 | B25: 45865 | E25: =IF(B25<>"",E24+C25-D25,"") -> 41000 | I25: 14
A26: =IF(B26<>"",ROW()-11,"") -> 15 | B26: 45866 | E26: =IF(B26<>"",E25+C26-D26,"") -> 41000 | I26: 15
A27: =IF(B27<>"",ROW()-11,"") -> 16 | B27: 45867 | E27: =IF(B27<>"",E26+C27-D27,"") -> 41000 | I27: 16
A28: =IF(B28<>"",ROW()-11,"") -> 17 | B28: 45868 | E28: =IF(B28<>"",E27+C28-D28,"") -> 41000 | I28: 17
A29: =IF(B29<>"",ROW()-11,"") -> 18 | B29: 45869 | E29: =IF(B29<>"",E28+C29-D29,"") -> 41000 | I29: 18
A30: =IF(B30<>"",ROW()-11,"") -> 19 | B30: 45870 | E30: =IF(B30<>"",E29+C30-D30,"") -> 41000 | I30: 19
A31: =IF(B31<>"",ROW()-11,"") -> 20 | B31: 45871 | E31: =IF(B31<>"",E30+C31-D31,"") -> 41000 | I31: 20
A32: =IF(B32<>"",ROW()-11,"") -> 21 | B32: 45872 | E32: =IF(B32<>"",E31+C32-D32,"") -> 41000 | I32: 21
A33: =IF(B33<>"",ROW()-11,"") -> 22 | B33: 45873 | C33: 2000 | E33: =IF(B33<>"",E32+C33-D33,"") -> 43000 | I33: 22
A34: =IF(B34<>"",ROW()-11,"") -> 23 | B34: 45874 | E34: =IF(B34<>"",E33+C34-D34,"") -> 43000 | I34: 23
A35: =IF(B35<>"",ROW()-11,"") -> 24 | B35: 45875 | E35: =IF(B35<>"",E34+C35-D35,"") -> 43000 | I35: 24
A36: =IF(B36<>"",ROW()-11,"") -> 25 | B36: 45876 | E36: =IF(B36<>"",E35+C36-D36,"") -> 43000 | I36: 25
A37: =IF(B37<>"",ROW()-11,"") -> 26 | B37: 45877 | E37: =IF(B37<>"",E36+C37-D37,"") -> 43000 | I37: 26
A38: =IF(B38<>"",ROW()-11,"") -> 27 | B38: 45878 | E38: =IF(B38<>"",E37+C38-D38,"") -> 43000 | I38: 27
A39: =IF(B39<>"",ROW()-11,"") -> 28 | B39: 45879 | E39: =IF(B39<>"",E38+C39-D39,"") -> 43000 | I39: 28
A40: =IF(B40<>"",ROW()-11,"") -> 29 | B40: 45880 | E40: =IF(B40<>"",E39+C40-D40,"") -> 43000 | I40: 29
A41: =IF(B41<>"",ROW()-11,"") -> 30 | B41: 45881 | E41: =IF(B41<>"",E40+C41-D41,"") -> 43000 | I41: 30
A42: =IF(B42<>"",ROW()-11,"") -> 31 | B42: 45882 | E42: =IF(B42<>"",E41+C42-D42,"") -> 43000 | I42: 31
A43: =IF(B43<>"",ROW()-11,"") -> 32 | B43: 45883 | E43: =IF(B43<>"",E42+C43-D43,"") -> 43000 | I43: 32
A44: =IF(B44<>"",ROW()-11,"") -> 33 | B44: 45884 | E44: =IF(B44<>"",E43+C44-D44,"") -> 43000 | I44: 33
A45: =IF(B45<>"",ROW()-11,"") -> 34 | B45: 45885 | E45: =IF(B45<>"",E44+C45-D45,"") -> 43000 | I45: 34
... A376: =IF(B376<>"",ROW()-11,"") -> 365 | B376: 46216 | E376: =IF(B376<>"",E375+C376-D376,"") -> 43000 | I376: 365

Sheet 3
A1: BUKU TABUNGAN SISWA
A3: Nama | C3: =Sheet1!C11 -> ALYA RAMADHANI
A4: NIS | C4: =Sheet1!B11 -> 231001286
A5: Kelas | C5: =Sheet1!C4 -> XII - OTKP 1
A6: Jumlah Setoran | C6: =SUM(C12:C376) -> 80000
A7: Jumlah Penarikan | C7: =SUM(D12:D376) -> 0
A8: Saldo Tabungan | C8: =SUM(C6-C7) -> 80000
A11: NO | B11: TANGGAL | C11: SETORAN | D11: PENARIKAN | E11: SALDO
A12: =IF(B12<>"",ROW()-11,"") -> 1 | B12: 45852 | C12: 75000 | E12: =IF(B12<>"",C12-D12,"") -> 75000 | I12: 1
A13: =IF(B13<>"",ROW()-11,"") -> 2 | B13: 45853 | E13: =IF(B13<>"",E12+C13-D13,"") -> 75000 | I13: 2
A14: =IF(B14<>"",ROW()-11,"") -> 3 | B14: 45854 | E14: =IF(B14<>"",E13+C14-D14,"") -> 75000 | I14: 3
A15: =IF(B15<>"",ROW()-11,"") -> 4 | B15: 45855 | E15: =IF(B15<>"",E14+C15-D15,"") -> 75000 | I15: 4
A16: =IF(B16<>"",ROW()-11,"") -> 5 | B16: 45856 | E16: =IF(B16<>"",E15+C16-D16,"") -> 75000 | I16: 5
A17: =IF(B17<>"",ROW()-11,"") -> 6 | B17: 45857 | E17: =IF(B17<>"",E16+C17-D17,"") -> 75000 | I17: 6
A18: =IF(B18<>"",ROW()-11,"") -> 7 | B18: 45858 | E18: =IF(B18<>"",E17+C18-D18,"") -> 75000 | I18: 7
A19: =IF(B19<>"",ROW()-11,"") -> 8 | B19: 45859 | E19: =IF(B19<>"",E18+C19-D19,"") -> 75000 | I19: 8
A20: =IF(B20<>"",ROW()-11,"") -> 9 | B20: 45860 | E20: =IF(B20<>"",E19+C20-D20,"") -> 75000 | I20: 9
A21: =IF(B21<>"",ROW()-11,"") -> 10 | B21: 45861 | E21: =IF(B21<>"",E20+C21-D21,"") -> 75000 | I21: 10
A22: =IF(B22<>"",ROW()-11,"") -> 11 | B22: 45862 | E22: =IF(B22<>"",E21+C22-D22,"") -> 75000 | I22: 11
A23: =IF(B23<>"",ROW()-11,"") -> 12 | B23: 45863 | E23: =IF(B23<>"",E22+C23-D23,"") -> 75000 | I23: 12
A24: =IF(B24<>"",ROW()-11,"") -> 13 | B24: 45864 | E24: =IF(B24<>"",E23+C24-D24,"") -> 75000 | I24: 13
... A98: =IF(B98<>"",ROW()-11,"") -> 87 | B98: 45938 | E98: =IF(B98<>"",E97+C98-D98,"") -> 75000 | I98: 87
A99: =IF(B99<>"",ROW()-11,"") -> 88 | B99: 45939 | C99: 5000 | E99: =IF(B99<>"",E98+C99-D99,"") -> 80000 | I99: 88
A100: =IF(B100<>"",ROW()-11,"") -> 89 | B100: 45940 | E100: =IF(B100<>"",E99+C100-D100,"") -> 80000 | I100: 89
A101: =IF(B101<>"",ROW()-11,"") -> 90 | B101: 45941 | E101: =IF(B101<>"",E100+C101-D101,"") -> 80000 | I101: 90
A102: =IF(B102<>"",ROW()-11,"") -> 91 | B102: 45942 | E102: =IF(B102<>"",E101+C102-D102,"") -> 80000 | I102: 91
A103: =IF(B103<>"",ROW()-11,"") -> 92 | B103: 45943 | E103: =IF(B103<>"",E102+C103-D103,"") -> 80000 | I103: 92
A104: =IF(B104<>"",ROW()-11,"") -> 93 | B104: 45944 | E104: =IF(B104<>"",E103+C104-D104,"") -> 80000 | I104: 93
A105: =IF(B105<>"",ROW()-11,"") -> 94 | B105: 45945 | E105: =IF(B105<>"",E104+C105-D105,"") -> 80000 | I105: 94
A106: =IF(B106<>"",ROW()-11,"") -> 95 | B106: 45946 | E106: =IF(B106<>"",E105+C106-D106,"") -> 80000 | I106: 95
A107: =IF(B107<>"",ROW()-11,"") -> 96 | B107: 45947 | E107: =IF(B107<>"",E106+C107-D107,"") -> 80000 | I107: 96
A108: =IF(B108<>"",ROW()-11,"") -> 97 | B108: 45948 | E108: =IF(B108<>"",E107+C108-D108,"") -> 80000 | I108: 97
A109: =IF(B109<>"",ROW()-11,"") -> 98 | B109: 45949 | E109: =IF(B109<>"",E108+C109-D109,"") -> 80000 | I109: 98
A110: =IF(B110<>"",ROW()-11,"") -> 99 | B110: 45950 | E110: =IF(B110<>"",E109+C110-D110,"") -> 80000 | I110: 99
A111: =IF(B111<>"",ROW()-11,"") -> 100 | B111: 45951 | E111: =IF(B111<>"",E110+C111-D111,"") -> 80000 | I111: 100
... A376: =IF(B376<>"",ROW()-11,"") -> 365 | B376: 46216 | E376: =IF(B376<>"",E375+C376-D376,"") -> 80000 | I376: 365

Sheet 4
A1: BUKU TABUNGAN SISWA
A3: Nama | C3: =Sheet1!C12 -> ARIFFAH FARLY
A4: NIS | C4: =Sheet1!B12 -> 231001287
A5: Kelas | C5: =Sheet1!C4 -> XII - OTKP 1
A6: Jumlah Setoran | C6: =SUM(C12:C376) -> 48000
A7: Jumlah Penarikan | C7: =SUM(D12:D376) -> 0
A8: Saldo Tabungan | C8: =SUM(C6-C7) -> 48000
A11: NO | B11: TANGGAL | C11: SETORAN | D11: PENARIKAN | E11: SALDO
A12: =IF(B12<>"",ROW()-11,"") -> 1 | B12: 45852 | C12: 41000 | E12: =IF(B12<>"",C12-D12,"") -> 41000 | I12: 1
A13: =IF(B13<>"",ROW()-11,"") -> 2 | B13: 45853 | E13: =IF(B13<>"",E12+C13-D13,"") -> 41000 | I13: 2
A14: =IF(B14<>"",ROW()-11,"") -> 3 | B14: 45854 | E14: =IF(B14<>"",E13+C14-D14,"") -> 41000 | I14: 3
A15: =IF(B15<>"",ROW()-11,"") -> 4 | B15: 45855 | E15: =IF(B15<>"",E14+C15-D15,"") -> 41000 | I15: 4
A16: =IF(B16<>"",ROW()-11,"") -> 5 | B16: 45856 | E16: =IF(B16<>"",E15+C16-D16,"") -> 41000 | I16: 5
A17: =IF(B17<>"",ROW()-11,"") -> 6 | B17: 45857 | E17: =IF(B17<>"",E16+C17-D17,"") -> 41000 | I17: 6
A18: =IF(B18<>"",ROW()-11,"") -> 7 | B18: 45858 | E18: =IF(B18<>"",E17+C18-D18,"") -> 41000 | I18: 7
A19: =IF(B19<>"",ROW()-11,"") -> 8 | B19: 45859 | E19: =IF(B19<>"",E18+C19-D19,"") -> 41000 | I19: 8
A20: =IF(B20<>"",ROW()-11,"") -> 9 | B20: 45860 | E20: =IF(B20<>"",E19+C20-D20,"") -> 41000 | I20: 9
A21: =IF(B21<>"",ROW()-11,"") -> 10 | B21: 45861 | E21: =IF(B21<>"",E20+C21-D21,"") -> 41000 | I21: 10
A22: =IF(B22<>"",ROW()-11,"") -> 11 | B22: 45862 | E22: =IF(B22<>"",E21+C22-D22,"") -> 41000 | I22: 11
A23: =IF(B23<>"",ROW()-11,"") -> 12 | B23: 45863 | E23: =IF(B23<>"",E22+C23-D23,"") -> 41000 | I23: 12
A24: =IF(B24<>"",ROW()-11,"") -> 13 | B24: 45864 | E24: =IF(B24<>"",E23+C24-D24,"") -> 41000 | I24: 13
... A32: =IF(B32<>"",ROW()-11,"") -> 21 | B32: 45872 | E32: =IF(B32<>"",E31+C32-D32,"") -> 41000 | I32: 21
A33: =IF(B33<>"",ROW()-11,"") -> 22 | B33: 45873 | C33: 5000 | E33: =IF(B33<>"",E32+C33-D33,"") -> 46000 | I33: 22
A34: =IF(B34<>"",ROW()-11,"") -> 23 | B34: 45874 | E34: =IF(B34<>"",E33+C34-D34,"") -> 46000 | I34: 23
A35: =IF(B35<>"",ROW()-11,"") -> 24 | B35: 45875 | C35: 2000 | E35: =IF(B35<>"",E34+C35-D35,"") -> 48000 | I35: 24
A36: =IF(B36<>"",ROW()-11,"") -> 25 | B36: 45876 | E36: =IF(B36<>"",E35+C36-D36,"") -> 48000 | I36: 25
A37: =IF(B37<>"",ROW()-11,"") -> 26 | B37: 45877 | E37: =IF(B37<>"",E36+C37-D37,"") -> 48000 | I37: 26
A38: =IF(B38<>"",ROW()-11,"") -> 27 | B38: 45878 | E38: =IF(B38<>"",E37+C38-D38,"") -> 48000 | I38: 27
A39: =IF(B39<>"",ROW()-11,"") -> 28 | B39: 45879 | E39: =IF(B39<>"",E38+C39-D39,"") -> 48000 | I39: 28
A40: =IF(B40<>"",ROW()-11,"") -> 29 | B40: 45880 | E40: =IF(B40<>"",E39+C40-D40,"") -> 48000 | I40: 29
A41: =IF(B41<>"",ROW()-11,"") -> 30 | B41: 45881 | E41: =IF(B41<>"",E40+C41-D41,"") -> 48000 | I41: 30
A42: =IF(B42<>"",ROW()-11,"") -> 31 | B42: 45882 | E42: =IF(B42<>"",E41+C42-D42,"") -> 48000 | I42: 31
A43: =IF(B43<>"",ROW()-11,"") -> 32 | B43: 45883 | E43: =IF(B43<>"",E42+C43-D43,"") -> 48000 | I43: 32
A44: =IF(B44<>"",ROW()-11,"") -> 33 | B44: 45884 | E44: =IF(B44<>"",E43+C44-D44,"") -> 48000 | I44: 33
A45: =IF(B45<>"",ROW()-11,"") -> 34 | B45: 45885 | E45: =IF(B45<>"",E44+C45-D45,"") -> 48000 | I45: 34
A46: =IF(B46<>"",ROW()-11,"") -> 35 | B46: 45886 | E46: =IF(B46<>"",E45+C46-D46,"") -> 48000 | I46: 35
A47: =IF(B47<>"",ROW()-11,"") -> 36 | B47: 45887 | E47: =IF(B47<>"",E46+C47-D47,"") -> 48000 | I47: 36
... A376: =IF(B376<>"",ROW()-11,"") -> 365 | B376: 46216 | E376: =IF(B376<>"",E375+C376-D376,"") -> 48000 | I376: 365

Sheet 5
A1: BUKU TABUNGAN SISWA
A3: Nama | C3: =Sheet1!C13 -> DAVINA
A4: NIS | C4: =Sheet1!B13 -> 231001288
A5: Kelas | C5: =Sheet1!C4 -> XII - OTKP 1
A6: Jumlah Setoran | C6: =SUM(C12:C376) -> 31000
A7: Jumlah Penarikan | C7: =SUM(D12:D376) -> 0
A8: Saldo Tabungan | C8: =SUM(C6-C7) -> 31000
A11: NO | B11: TANGGAL | C11: SETORAN | D11: PENARIKAN | E11: SALDO
A12: =IF(B12<>"",ROW()-11,"") -> 1 | B12: 45852 | C12: 31000 | E12: =IF(B12<>"",C12-D12,"") -> 31000 | I12: 1
A13: =IF(B13<>"",ROW()-11,"") -> 2 | B13: 45853 | E13: =IF(B13<>"",E12+C13-D13,"") -> 31000 | I13: 2
A14: =IF(B14<>"",ROW()-11,"") -> 3 | B14: 45854 | E14: =IF(B14<>"",E13+C14-D14,"") -> 31000 | I14: 3
A15: =IF(B15<>"",ROW()-11,"") -> 4 | B15: 45855 | E15: =IF(B15<>"",E14+C15-D15,"") -> 31000 | I15: 4
A16: =IF(B16<>"",ROW()-11,"") -> 5 | B16: 45856 | E16: =IF(B16<>"",E15+C16-D16,"") -> 31000 | I16: 5
A17: =IF(B17<>"",ROW()-11,"") -> 6 | B17: 45857 | E17: =IF(B17<>"",E16+C17-D17,"") -> 31000 | I17: 6
A18: =IF(B18<>"",ROW()-11,"") -> 7 | B18: 45858 | E18: =IF(B18<>"",E17+C18-D18,"") -> 31000 | I18: 7
A19: =IF(B19<>"",ROW()-11,"") -> 8 | B19: 45859 | E19: =IF(B19<>"",E18+C19-D19,"") -> 31000 | I19: 8
A20: =IF(B20<>"",ROW()-11,"") -> 9 | B20: 45860 | E20: =IF(B20<>"",E19+C20-D20,"") -> 31000 | I20: 9
A21: =IF(B21<>"",ROW()-11,"") -> 10 | B21: 45861 | E21: =IF(B21<>"",E20+C21-D21,"") -> 31000 | I21: 10
A22: =IF(B22<>"",ROW()-11,"") -> 11 | B22: 45862 | E22: =IF(B22<>"",E21+C22-D22,"") -> 31000 | I22: 11
A23: =IF(B23<>"",ROW()-11,"") -> 12 | B23: 45863 | E23: =IF(B23<>"",E22+C23-D23,"") -> 31000 | I23: 12
A24: =IF(B24<>"",ROW()-11,"") -> 13 | B24: 45864 | E24: =IF(B24<>"",E23+C24-D24,"") -> 31000 | I24: 13
... A376: =IF(B376<>"",ROW()-11,"") -> 365 | B376: 46216 | E376: =IF(B376<>"",E375+C376-D376,"") -> 31000 | I376: 365

Sheet 6
A1: BUKU TABUNGAN SISWA
A3: Nama | C3: =Sheet1!C14 -> DELA LESTARI
A4: NIS | C4: =Sheet1!B14 -> 231001289
A5: Kelas | C5: =Sheet1!C4 -> XII - OTKP 1
A6: Jumlah Setoran | C6: =SUM(C12:C376) -> 85000
A7: Jumlah Penarikan | C7: =SUM(D12:D376) -> 0
A8: Saldo Tabungan | C8: =SUM(C6-C7) -> 85000
A11: NO | B11: TANGGAL | C11: SETORAN | D11: PENARIKAN | E11: SALDO
A12: =IF(B12<>"",ROW()-11,"") -> 1 | B12: 45852 | C12: 45000 | E12: =IF(B12<>"",C12-D12,"") -> 45000 | I12: 1
A13: =IF(B13<>"",ROW()-11,"") -> 2 | B13: 45853 | E13: =IF(B13<>"",E12+C13-D13,"") -> 45000 | I13: 2
A14: =IF(B14<>"",ROW()-11,"") -> 3 | B14: 45854 | E14: =IF(B14<>"",E13+C14-D14,"") -> 45000 | I14: 3
A15: =IF(B15<>"",ROW()-11,"") -> 4 | B15: 45855 | E15: =IF(B15<>"",E14+C15-D15,"") -> 45000 | I15: 4
A16: =IF(B16<>"",ROW()-11,"") -> 5 | B16: 45856 | E16: =IF(B16<>"",E15+C16-D16,"") -> 45000 | I16: 5
A17: =IF(B17<>"",ROW()-11,"") -> 6 | B17: 45857 | E17: =IF(B17<>"",E16+C17-D17,"") -> 45000 | I17: 6
A18: =IF(B18<>"",ROW()-11,"") -> 7 | B18: 45858 | E18: =IF(B18<>"",E17+C18-D18,"") -> 45000 | I18: 7
A19: =IF(B19<>"",ROW()-11,"") -> 8 | B19: 45859 | E19: =IF(B19<>"",E18+C19-D19,"") -> 45000 | I19: 8
A20: =IF(B20<>"",ROW()-11,"") -> 9 | B20: 45860 | C20: 5000 | E20: =IF(B20<>"",E19+C20-D20,"") -> 50000 | I20: 9
A21: =IF(B21<>"",ROW()-11,"") -> 10 | B21: 45861 | E21: =IF(B21<>"",E20+C21-D21,"") -> 50000 | I21: 10
A22: =IF(B22<>"",ROW()-11,"") -> 11 | B22: 45862 | E22: =IF(B22<>"",E21+C22-D22,"") -> 50000 | I22: 11
A23: =IF(B23<>"",ROW()-11,"") -> 12 | B23: 45863 | E23: =IF(B23<>"",E22+C23-D23,"") -> 50000 | I23: 12
A24: =IF(B24<>"",ROW()-11,"") -> 13 | B24: 45864 | E24: =IF(B24<>"",E23+C24-D24,"") -> 50000 | I24: 13
A25: =IF(B25<>"",ROW()-11,"") -> 14 | B25: 45865 | E25: =IF(B25<>"",E24+C25-D25,"") -> 50000 | I25: 14
A26: =IF(B26<>"",ROW()-11,"") -> 15 | B26: 45866 | E26: =IF(B26<>"",E25+C26-D26,"") -> 50000 | I26: 15
A27: =IF(B27<>"",ROW()-11,"") -> 16 | B27: 45867 | E27: =IF(B27<>"",E26+C27-D27,"") -> 50000 | I27: 16
A28: =IF(B28<>"",ROW()-11,"") -> 17 | B28: 45868 | E28: =IF(B28<>"",E27+C28-D28,"") -> 50000 | I28: 17
A29: =IF(B29<>"",ROW()-11,"") -> 18 | B29: 45869 | E29: =IF(B29<>"",E28+C29-D29,"") -> 50000 | I29: 18
A30: =IF(B30<>"",ROW()-11,"") -> 19 | B30: 45870 | E30: =IF(B30<>"",E29+C30-D30,"") -> 50000 | I30: 19
A31: =IF(B31<>"",ROW()-11,"") -> 20 | B31: 45871 | E31: =IF(B31<>"",E30+C31-D31,"") -> 50000 | I31: 20
A32: =IF(B32<>"",ROW()-11,"") -> 21 | B32: 45872 | E32: =IF(B32<>"",E31+C32-D32,"") -> 50000 | I32: 21
... A50: =IF(B50<>"",ROW()-11,"") -> 39 | B50: 45890 | E50: =IF(B50<>"",E49+C50-D50,"") -> 50000 | I50: 39
A51: =IF(B51<>"",ROW()-11,"") -> 40 | B51: 45891 | C51: 5000 | E51: =IF(B51<>"",E50+C51-D51,"") -> 55000 | I51: 40
A52: =IF(B52<>"",ROW()-11,"") -> 41 | B52: 45892 | E52: =IF(B52<>"",E51+C52-D52,"") -> 55000 | I52: 41
A53: =IF(B53<>"",ROW()-11,"") -> 42 | B53: 45893 | E53: =IF(B53<>"",E52+C53-D53,"") -> 55000 | I53: 42
A54: =IF(B54<>"",ROW()-11,"") -> 43 | B54: 45894 | E54: =IF(B54<>"",E53+C54-D54,"") -> 55000 | I54: 43
A55: =IF(B55<>"",ROW()-11,"") -> 44 | B55: 45895 | E55: =IF(B55<>"",E54+C55-D55,"") -> 55000 | I55: 44
A56: =IF(B56<>"",ROW()-11,"") -> 45 | B56: 45896 | E56: =IF(B56<>"",E55+C56-D56,"") -> 55000 | I56: 45
A57: =IF(B57<>"",ROW()-11,"") -> 46 | B57: 45897 | E57: =IF(B57<>"",E56+C57-D57,"") -> 55000 | I57: 46
A58: =IF(B58<>"",ROW()-11,"") -> 47 | B58: 45898 | E58: =IF(B58<>"",E57+C58-D58,"") -> 55000 | I58: 47
A59: =IF(B59<>"",ROW()-11,"") -> 48 | B59: 45899 | E59: =IF(B59<>"",E58+C59-D59,"") -> 55000 | I59: 48
A60: =IF(B60<>"",ROW()-11,"") -> 49 | B60: 45900 | E60: =IF(B60<>"",E59+C60-D60,"") -> 55000 | I60: 49
A61: =IF(B61<>"",ROW()-11,"") -> 50 | B61: 45901 | E61: =IF(B61<>"",E60+C61-D61,"") -> 55000 | I61: 50
A62: =IF(B62<>"",ROW()-11,"") -> 51 | B62: 45902 | E62: =IF(B62<>"",E61+C62-D62,"") -> 55000 | I62: 51
A63: =IF(B63<>"",ROW()-11,"") -> 52 | B63: 45903 | E63: =IF(B63<>"",E62+C63-D63,"") -> 55000 | I63: 52
... A89: =IF(B89<>"",ROW()-11,"") -> 78 | B89: 45929 | E89: =IF(B89<>"",E88+C89-D89,"") -> 55000 | I89: 78
A90: =IF(B90<>"",ROW()-11,"") -> 79 | B90: 45930 | C90: 5000 | E90: =IF(B90<>"",E89+C90-D90,"") -> 60000 | I90: 79
A91: =IF(B91<>"",ROW()-11,"") -> 80 | B91: 45931 | C91: 5000 | E91: =IF(B91<>"",E90+C91-D91,"") -> 65000 | I91: 80
A92: =IF(B92<>"",ROW()-11,"") -> 81 | B92: 45932 | C92: 5000 | E92: =IF(B92<>"",E91+C92-D92,"") -> 70000 | I92: 81
A93: =IF(B93<>"",ROW()-11,"") -> 82 | B93: 45933 | E93: =IF(B93<>"",E92+C93-D93,"") -> 70000 | I93: 82
A94: =IF(B94<>"",ROW()-11,"") -> 83 | B94: 45934 | E94: =IF(B94<>"",E93+C94-D94,"") -> 70000 | I94: 83
A95: =IF(B95<>"",ROW()-11,"") -> 84 | B95: 45935 | E95: =IF(B95<>"",E94+C95-D95,"") -> 70000 | I95: 84
A96: =IF(B96<>"",ROW()-11,"") -> 85 | B96: 45936 | E96: =IF(B96<>"",E95+C96-D96,"") -> 70000 | I96: 85
A97: =IF(B97<>"",ROW()-11,"") -> 86 | B97: 45937 | C97: 5000 | E97: =IF(B97<>"",E96+C97-D97,"") -> 75000 | I97: 86
A98: =IF(B98<>"",ROW()-11,"") -> 87 | B98: 45938 | C98: 5000 | E98: =IF(B98<>"",E97+C98-D98,"") -> 80000 | I98: 87
A99: =IF(B99<>"",ROW()-11,"") -> 88 | B99: 45939 | C99: 5000 | E99: =IF(B99<>"",E98+C99-D99,"") -> 85000 | I99: 88
A100: =IF(B100<>"",ROW()-11,"") -> 89 | B100: 45940 | E100: =IF(B100<>"",E99+C100-D100,"") -> 85000 | I100: 89
A101: =IF(B101<>"",ROW()-11,"") -> 90 | B101: 45941 | E101: =IF(B101<>"",E100+C101-D101,"") -> 85000 | I101: 90
A102: =IF(B102<>"",ROW()-11,"") -> 91 | B102: 45942 | E102: =IF(B102<>"",E101+C102-D102,"") -> 85000 | I102: 91
A103: =IF(B103<>"",ROW()-11,"") -> 92 | B103: 45943 | E103: =IF(B103<>"",E102+C103-D103,"") -> 85000 | I103: 92
A104: =IF(B104<>"",ROW()-11,"") -> 93 | B104: 45944 | E104: =IF(B104<>"",E103+C104-D104,"") -> 85000 | I104: 93
A105: =IF(B105<>"",ROW()-11,"") -> 94 | B105: 45945 | E105: =IF(B105<>"",E104+C105-D105,"") -> 85000 | I105: 94
A106: =IF(B106<>"",ROW()-11,"") -> 95 | B106: 45946 | E106: =IF(B106<>"",E105+C106-D106,"") -> 85000 | I106: 95
A107: =IF(B107<>"",ROW()-11,"") -> 96 | B107: 45947 | E107: =IF(B107<>"",E106+C107-D107,"") -> 85000 | I107: 96
A108: =IF(B108<>"",ROW()-11,"") -> 97 | B108: 45948 | E108: =IF(B108<>"",E107+C108-D108,"") -> 85000 | I108: 97
A109: =IF(B109<>"",ROW()-11,"") -> 98 | B109: 45949 | E109: =IF(B109<>"",E108+C109-D109,"") -> 85000 | I109: 98
A110: =IF(B110<>"",ROW()-11,"") -> 99 | B110: 45950 | E110: =IF(B110<>"",E109+C110-D110,"") -> 85000 | I110: 99
A111: =IF(B111<>"",ROW()-11,"") -> 100 | B111: 45951 | E111: =IF(B111<>"",E110+C111-D111,"") -> 85000 | I111: 100
... A376: =IF(B376<>"",ROW()-11,"") -> 365 | B376: 46216 | E376: =IF(B376<>"",E375+C376-D376,"") -> 85000 | I376: 365

Sheet 7
A1: BUKU TABUNGAN SISWA
A3: Nama | C3: =Sheet1!C15 -> DIMAS ERLANGGA
A4: NIS | C4: =Sheet1!B15 -> 231001290
A5: Kelas | C5: =Sheet1!C4 -> XII - OTKP 1
A6: Jumlah Setoran | C6: =SUM(C12:C376) -> 84000
A7: Jumlah Penarikan | C7: =SUM(D12:D376) -> 0
A8: Saldo Tabungan | C8: =SUM(C6-C7) -> 84000
A11: NO | B11: TANGGAL | C11: SETORAN | D11: PENARIKAN | E11: SALDO
A12: =IF(B12<>"",ROW()-11,"") -> 1 | B12: 45852 | C12: 59000 | E12: =IF(B12<>"",C12-D12,"") -> 59000 | I12: 1
A13: =IF(B13<>"",ROW()-11,"") -> 2 | B13: 45853 | E13: =IF(B13<>"",E12+C13-D13,"") -> 59000 | I13: 2
A14: =IF(B14<>"",ROW()-11,"") -> 3 | B14: 45854 | E14: =IF(B14<>"",E13+C14-D14,"") -> 59000 | I14: 3
A15: =IF(B15<>"",ROW()-11,"") -> 4 | B15: 45855 | E15: =IF(B15<>"",E14+C15-D15,"") -> 59000 | I15: 4
A16: =IF(B16<>"",ROW()-11,"") -> 5 | B16: 45856 | E16: =IF(B16<>"",E15+C16-D16,"") -> 59000 | I16: 5
A17: =IF(B17<>"",ROW()-11,"") -> 6 | B17: 45857 | E17: =IF(B17<>"",E16+C17-D17,"") -> 59000 | I17: 6
A18: =IF(B18<>"",ROW()-11,"") -> 7 | B18: 45858 | E18: =IF(B18<>"",E17+C18-D18,"") -> 59000 | I18: 7
A19: =IF(B19<>"",ROW()-11,"") -> 8 | B19: 45859 | E19: =IF(B19<>"",E18+C19-D19,"") -> 59000 | I19: 8
A20: =IF(B20<>"",ROW()-11,"") -> 9 | B20: 45860 | E20: =IF(B20<>"",E19+C20-D20,"") -> 59000 | I20: 9
A21: =IF(B21<>"",ROW()-11,"") -> 10 | B21: 45861 | E21: =IF(B21<>"",E20+C21-D21,"") -> 59000 | I21: 10
A22: =IF(B22<>"",ROW()-11,"") -> 11 | B22: 45862 | C22: 5000 | E22: =IF(B22<>"",E21+C22-D22,"") -> 64000 | I22: 11
A23: =IF(B23<>"",ROW()-11,"") -> 12 | B23: 45863 | E23: =IF(B23<>"",E22+C23-D23,"") -> 64000 | I23: 12
A24: =IF(B24<>"",ROW()-11,"") -> 13 | B24: 45864 | E24: =IF(B24<>"",E23+C24-D24,"") -> 64000 | I24: 13
A25: =IF(B25<>"",ROW()-11,"") -> 14 | B25: 45865 | E25: =IF(B25<>"",E24+C25-D25,"") -> 64000 | I25: 14
A26: =IF(B26<>"",ROW()-11,"") -> 15 | B26: 45866 | C26: 10000 | E26: =IF(B26<>"",E25+C26-D26,"") -> 74000 | I26: 15
A27: =IF(B27<>"",ROW()-11,"") -> 16 | B27: 45867 | C27: 5000 | E27: =IF(B27<>"",E26+C27-D27,"") -> 79000 | I27: 16
A28: =IF(B28<>"",ROW()-11,"") -> 17 | B28: 45868 | E28: =IF(B28<>"",E27+C28-D28,"") -> 79000 | I28: 17
A29: =IF(B29<>"",ROW()-11,"") -> 18 | B29: 45869 | E29: =IF(B29<>"",E28+C29-D29,"") -> 79000 | I29: 18
A30: =IF(B30<>"",ROW()-11,"") -> 19 | B30: 45870 | E30: =IF(B30<>"",E29+C30-D30,"") -> 79000 | I30: 19
A31: =IF(B31<>"",ROW()-11,"") -> 20 | B31: 45871 | E31: =IF(B31<>"",E30+C31-D31,"") -> 79000 | I31: 20
A32: =IF(B32<>"",ROW()-11,"") -> 21 | B32: 45872 | E32: =IF(B32<>"",E31+C32-D32,"") -> 79000 | I32: 21
A33: =IF(B33<>"",ROW()-11,"") -> 22 | B33: 45873 | E33: =IF(B33<>"",E32+C33-D33,"") -> 79000 | I33: 22
A34: =IF(B34<>"",ROW()-11,"") -> 23 | B34: 45874 | E34: =IF(B34<>"",E33+C34-D34,"") -> 79000 | I34: 23
A35: =IF(B35<>"",ROW()-11,"") -> 24 | B35: 45875 | E35: =IF(B35<>"",E34+C35-D35,"") -> 79000 | I35: 24
A36: =IF(B36<>"",ROW()-11,"") -> 25 | B36: 45876 | E36: =IF(B36<>"",E35+C36-D36,"") -> 79000 | I36: 25
A37: =IF(B37<>"",ROW()-11,"") -> 26 | B37: 45877 | E37: =IF(B37<>"",E36+C37-D37,"") -> 79000 | I37: 26
A38: =IF(B38<>"",ROW()-11,"") -> 27 | B38: 45878 | E38: =IF(B38<>"",E37+C38-D38,"") -> 79000 | I38: 27
A39: =IF(B39<>"",ROW()-11,"") -> 28 | B39: 45879 | E39: =IF(B39<>"",E38+C39-D39,"") -> 79000 | I39: 28
... A77: =IF(B77<>"",ROW()-11,"") -> 66 | B77: 45917 | E77: =IF(B77<>"",E76+C77-D77,"") -> 79000 | I77: 66
A78: =IF(B78<>"",ROW()-11,"") -> 67 | B78: 45918 | C78: 5000 | E78: =IF(B78<>"",E77+C78-D78,"") -> 84000 | I78: 67
A79: =IF(B79<>"",ROW()-11,"") -> 68 | B79: 45919 | E79: =IF(B79<>"",E78+C79-D79,"") -> 84000 | I79: 68
A80: =IF(B80<>"",ROW()-11,"") -> 69 | B80: 45920 | E80: =IF(B80<>"",E79+C80-D80,"") -> 84000 | I80: 69
A81: =IF(B81<>"",ROW()-11,"") -> 70 | B81: 45921 | E81: =IF(B81<>"",E80+C81-D81,"") -> 84000 | I81: 70
A82: =IF(B82<>"",ROW()-11,"") -> 71 | B82: 45922 | E82: =IF(B82<>"",E81+C82-D82,"") -> 84000 | I82: 71
A83: =IF(B83<>"",ROW()-11,"") -> 72 | B83: 45923 | E83: =IF(B83<>"",E82+C83-D83,"") -> 84000 | I83: 72
A84: =IF(B84<>"",ROW()-11,"") -> 73 | B84: 45924 | E84: =IF(B84<>"",E83+C84-D84,"") -> 84000 | I84: 73
A85: =IF(B85<>"",ROW()-11,"") -> 74 | B85: 45925 | E85: =IF(B85<>"",E84+C85-D85,"") -> 84000 | I85: 74
A86: =IF(B86<>"",ROW()-11,"") -> 75 | B86: 45926 | E86: =IF(B86<>"",E85+C86-D86,"") -> 84000 | I86: 75
A87: =IF(B87<>"",ROW()-11,"") -> 76 | B87: 45927 | E87: =IF(B87<>"",E86+C87-D87,"") -> 84000 | I87: 76
A88: =IF(B88<>"",ROW()-11,"") -> 77 | B88: 45928 | E88: =IF(B88<>"",E87+C88-D88,"") -> 84000 | I88: 77
A89: =IF(B89<>"",ROW()-11,"") -> 78 | B89: 45929 | E89: =IF(B89<>"",E88+C89-D89,"") -> 84000 | I89: 78
A90: =IF(B90<>"",ROW()-11,"") -> 79 | B90: 45930 | E90: =IF(B90<>"",E89+C90-D90,"") -> 84000 | I90: 79
... A376: =IF(B376<>"",ROW()-11,"") -> 365 | B376: 46216 | E376: =IF(B376<>"",E375+C376-D376,"") -> 84000 | I376: 365

Sheet 8
A1: BUKU TABUNGAN SISWA
A3: Nama | C3: =Sheet1!C16 -> DINI ANJANI NUR AENI
A4: NIS | C4: =Sheet1!B16 -> 231001291
A5: Kelas | C5: =Sheet1!C4 -> XII - OTKP 1
A6: Jumlah Setoran | C6: =SUM(C12:C376) -> 38000
A7: Jumlah Penarikan | C7: =SUM(D12:D376) -> 0
A8: Saldo Tabungan | C8: =SUM(C6-C7) -> 38000
A11: NO | B11: TANGGAL | C11: SETORAN | D11: PENARIKAN | E11: SALDO
A12: =IF(B12<>"",ROW()-11,"") -> 1 | B12: 45852 | C12: 29000 | E12: =IF(B12<>"",C12-D12,"") -> 29000 | I12: 1
A13: =IF(B13<>"",ROW()-11,"") -> 2 | B13: 45853 | E13: =IF(B13<>"",E12+C13-D13,"") -> 29000 | I13: 2
A14: =IF(B14<>"",ROW()-11,"") -> 3 | B14: 45854 | E14: =IF(B14<>"",E13+C14-D14,"") -> 29000 | I14: 3
A15: =IF(B15<>"",ROW()-11,"") -> 4 | B15: 45855 | E15: =IF(B15<>"",E14+C15-D15,"") -> 29000 | I15: 4
A16: =IF(B16<>"",ROW()-11,"") -> 5 | B16: 45856 | E16: =IF(B16<>"",E15+C16-D16,"") -> 29000 | I16: 5
A17: =IF(B17<>"",ROW()-11,"") -> 6 | B17: 45857 | E17: =IF(B17<>"",E16+C17-D17,"") -> 29000 | I17: 6
A18: =IF(B18<>"",ROW()-11,"") -> 7 | B18: 45858 | E18: =IF(B18<>"",E17+C18-D18,"") -> 29000 | I18: 7
A19: =IF(B19<>"",ROW()-11,"") -> 8 | B19: 45859 | E19: =IF(B19<>"",E18+C19-D19,"") -> 29000 | I19: 8
A20: =IF(B20<>"",ROW()-11,"") -> 9 | B20: 45860 | E20: =IF(B20<>"",E19+C20-D20,"") -> 29000 | I20: 9
A21: =IF(B21<>"",ROW()-11,"") -> 10 | B21: 45861 | E21: =IF(B21<>"",E20+C21-D21,"") -> 29000 | I21: 10
A22: =IF(B22<>"",ROW()-11,"") -> 11 | B22: 45862 | E22: =IF(B22<>"",E21+C22-D22,"") -> 29000 | I22: 11
A23: =IF(B23<>"",ROW()-11,"") -> 12 | B23: 45863 | E23: =IF(B23<>"",E22+C23-D23,"") -> 29000 | I23: 12
A24: =IF(B24<>"",ROW()-11,"") -> 13 | B24: 45864 | E24: =IF(B24<>"",E23+C24-D24,"") -> 29000 | I24: 13
... A32: =IF(B32<>"",ROW()-11,"") -> 21 | B32: 45872 | E32: =IF(B32<>"",E31+C32-D32,"") -> 29000 | I32: 21
A33: =IF(B33<>"",ROW()-11,"") -> 22 | B33: 45873 | C33: 2000 | E33: =IF(B33<>"",E32+C33-D33,"") -> 31000 | I33: 22
A34: =IF(B34<>"",ROW()-11,"") -> 23 | B34: 45874 | E34: =IF(B34<>"",E33+C34-D34,"") -> 31000 | I34: 23
A35: =IF(B35<>"",ROW()-11,"") -> 24 | B35: 45875 | E35: =IF(B35<>"",E34+C35-D35,"") -> 31000 | I35: 24
A36: =IF(B36<>"",ROW()-11,"") -> 25 | B36: 45876 | E36: =IF(B36<>"",E35+C36-D36,"") -> 31000 | I36: 25
A37: =IF(B37<>"",ROW()-11,"") -> 26 | B37: 45877 | E37: =IF(B37<>"",E36+C37-D37,"") -> 31000 | I37: 26
A38: =IF(B38<>"",ROW()-11,"") -> 27 | B38: 45878 | E38: =IF(B38<>"",E37+C38-D38,"") -> 31000 | I38: 27
A39: =IF(B39<>"",ROW()-11,"") -> 28 | B39: 45879 | E39: =IF(B39<>"",E38+C39-D39,"") -> 31000 | I39: 28
A40: =IF(B40<>"",ROW()-11,"") -> 29 | B40: 45880 | E40: =IF(B40<>"",E39+C40-D40,"") -> 31000 | I40: 29
A41: =IF(B41<>"",ROW()-11,"") -> 30 | B41: 45881 | E41: =IF(B41<>"",E40+C41-D41,"") -> 31000 | I41: 30
A42: =IF(B42<>"",ROW()-11,"") -> 31 | B42: 45882 | E42: =IF(B42<>"",E41+C42-D42,"") -> 31000 | I42: 31
A43: =IF(B43<>"",ROW()-11,"") -> 32 | B43: 45883 | E43: =IF(B43<>"",E42+C43-D43,"") -> 31000 | I43: 32
A44: =IF(B44<>"",ROW()-11,"") -> 33 | B44: 45884 | E44: =IF(B44<>"",E43+C44-D44,"") -> 31000 | I44: 33
A45: =IF(B45<>"",ROW()-11,"") -> 34 | B45: 45885 | E45: =IF(B45<>"",E44+C45-D45,"") -> 31000 | I45: 34
... A90: =IF(B90<>"",ROW()-11,"") -> 79 | B90: 45930 | E90: =IF(B90<>"",E89+C90-D90,"") -> 31000 | I90: 79
A91: =IF(B91<>"",ROW()-11,"") -> 80 | B91: 45931 | C91: 5000 | E91: =IF(B91<>"",E90+C91-D91,"") -> 36000 | I91: 80
A92: =IF(B92<>"",ROW()-11,"") -> 81 | B92: 45932 | C92: 2000 | E92: =IF(B92<>"",E91+C92-D92,"") -> 38000 | I92: 81
A93: =IF(B93<>"",ROW()-11,"") -> 82 | B93: 45933 | E93: =IF(B93<>"",E92+C93-D93,"") -> 38000 | I93: 82
A94: =IF(B94<>"",ROW()-11,"") -> 83 | B94: 45934 | E94: =IF(B94<>"",E93+C94-D94,"") -> 38000 | I94: 83
A95: =IF(B95<>"",ROW()-11,"") -> 84 | B95: 45935 | E95: =IF(B95<>"",E94+C95-D95,"") -> 38000 | I95: 84
A96: =IF(B96<>"",ROW()-11,"") -> 85 | B96: 45936 | E96: =IF(B96<>"",E95+C96-D96,"") -> 38000 | I96: 85
A97: =IF(B97<>"",ROW()-11,"") -> 86 | B97: 45937 | E97: =IF(B97<>"",E96+C97-D97,"") -> 38000 | I97: 86
A98: =IF(B98<>"",ROW()-11,"") -> 87 | B98: 45938 | E98: =IF(B98<>"",E97+C98-D98,"") -> 38000 | I98: 87
A99: =IF(B99<>"",ROW()-11,"") -> 88 | B99: 45939 | E99: =IF(B99<>"",E98+C99-D99,"") -> 38000 | I99: 88
A100: =IF(B100<>"",ROW()-11,"") -> 89 | B100: 45940 | E100: =IF(B100<>"",E99+C100-D100,"") -> 38000 | I100: 89
A101: =IF(B101<>"",ROW()-11,"") -> 90 | B101: 45941 | E101: =IF(B101<>"",E100+C101-D101,"") -> 38000 | I101: 90
A102: =IF(B102<>"",ROW()-11,"") -> 91 | B102: 45942 | E102: =IF(B102<>"",E101+C102-D102,"") -> 38000 | I102: 91
A103: =IF(B103<>"",ROW()-11,"") -> 92 | B103: 45943 | E103: =IF(B103<>"",E102+C103-D103,"") -> 38000 | I103: 92
A104: =IF(B104<>"",ROW()-11,"") -> 93 | B104: 45944 | E104: =IF(B104<>"",E103+C104-D104,"") -> 38000 | I104: 93
... A376: =IF(B376<>"",ROW()-11,"") -> 365 | B376: 46216 | E376: =IF(B376<>"",E375+C376-D376,"") -> 38000 | I376: 365

Sheet 9
A1: BUKU TABUNGAN SISWA
A3: Nama | C3: =Sheet1!C17 -> FITRYA
A4: NIS | C4: =Sheet1!B17 -> 231001292
A5: Kelas | C5: =Sheet1!C4 -> XII - OTKP 1
A6: Jumlah Setoran | C6: =SUM(C12:C376) -> 109000
A7: Jumlah Penarikan | C7: =SUM(D12:D376) -> 0
A8: Saldo Tabungan | C8: =SUM(C6-C7) -> 109000
A11: NO | B11: TANGGAL | C11: SETORAN | D11: PENARIKAN | E11: SALDO
A12: =IF(B12<>"",ROW()-11,"") -> 1 | B12: 45852 | E12: =IF(B12<>"",C12-D12,"") -> 0 | I12: 1
A13: =IF(B13<>"",ROW()-11,"") -> 2 | B13: 45853 | E13: =IF(B13<>"",E12+C13-D13,"") -> 0 | I13: 2
A14: =IF(B14<>"",ROW()-11,"") -> 3 | B14: 45854 | E14: =IF(B14<>"",E13+C14-D14,"") -> 0 | I14: 3
A15: =IF(B15<>"",ROW()-11,"") -> 4 | B15: 45855 | E15: =IF(B15<>"",E14+C15-D15,"") -> 0 | I15: 4
A16: =IF(B16<>"",ROW()-11,"") -> 5 | B16: 45856 | E16: =IF(B16<>"",E15+C16-D16,"") -> 0 | I16: 5
A17: =IF(B17<>"",ROW()-11,"") -> 6 | B17: 45857 | E17: =IF(B17<>"",E16+C17-D17,"") -> 0 | I17: 6
A18: =IF(B18<>"",ROW()-11,"") -> 7 | B18: 45858 | E18: =IF(B18<>"",E17+C18-D18,"") -> 0 | I18: 7
A19: =IF(B19<>"",ROW()-11,"") -> 8 | B19: 45859 | E19: =IF(B19<>"",E18+C19-D19,"") -> 0 | I19: 8
A20: =IF(B20<>"",ROW()-11,"") -> 9 | B20: 45860 | E20: =IF(B20<>"",E19+C20-D20,"") -> 0 | I20: 9
A21: =IF(B21<>"",ROW()-11,"") -> 10 | B21: 45861 | E21: =IF(B21<>"",E20+C21-D21,"") -> 0 | I21: 10
A22: =IF(B22<>"",ROW()-11,"") -> 11 | B22: 45862 | E22: =IF(B22<>"",E21+C22-D22,"") -> 0 | I22: 11
A23: =IF(B23<>"",ROW()-11,"") -> 12 | B23: 45863 | E23: =IF(B23<>"",E22+C23-D23,"") -> 0 | I23: 12
A24: =IF(B24<>"",ROW()-11,"") -> 13 | B24: 45864 | E24: =IF(B24<>"",E23+C24-D24,"") -> 0 | I24: 13
... A26: =IF(B26<>"",ROW()-11,"") -> 15 | B26: 45866 | E26: =IF(B26<>"",E25+C26-D26,"") -> 0 | I26: 15
A27: =IF(B27<>"",ROW()-11,"") -> 16 | B27: 45867 | C27: 50000 | E27: =IF(B27<>"",E26+C27-D27,"") -> 50000 | I27: 16
A28: =IF(B28<>"",ROW()-11,"") -> 17 | B28: 45868 | C28: 7000 | E28: =IF(B28<>"",E27+C28-D28,"") -> 57000 | I28: 17
A29: =IF(B29<>"",ROW()-11,"") -> 18 | B29: 45869 | C29: 10000 | E29: =IF(B29<>"",E28+C29-D29,"") -> 67000 | I29: 18
A30: =IF(B30<>"",ROW()-11,"") -> 19 | B30: 45870 | E30: =IF(B30<>"",E29+C30-D30,"") -> 67000 | I30: 19
A31: =IF(B31<>"",ROW()-11,"") -> 20 | B31: 45871 | E31: =IF(B31<>"",E30+C31-D31,"") -> 67000 | I31: 20
A32: =IF(B32<>"",ROW()-11,"") -> 21 | B32: 45872 | E32: =IF(B32<>"",E31+C32-D32,"") -> 67000 | I32: 21
A33: =IF(B33<>"",ROW()-11,"") -> 22 | B33: 45873 | C33: 2000 | E33: =IF(B33<>"",E32+C33-D33,"") -> 69000 | I33: 22
A34: =IF(B34<>"",ROW()-11,"") -> 23 | B34: 45874 | E34: =IF(B34<>"",E33+C34-D34,"") -> 69000 | I34: 23
A35: =IF(B35<>"",ROW()-11,"") -> 24 | B35: 45875 | C35: 2000 | E35: =IF(B35<>"",E34+C35-D35,"") -> 71000 | I35: 24
A36: =IF(B36<>"",ROW()-11,"") -> 25 | B36: 45876 | C36: 2000 | E36: =IF(B36<>"",E35+C36-D36,"") -> 73000 | I36: 25
A37: =IF(B37<>"",ROW()-11,"") -> 26 | B37: 45877 | E37: =IF(B37<>"",E36+C37-D37,"") -> 73000 | I37: 26
A38: =IF(B38<>"",ROW()-11,"") -> 27 | B38: 45878 | E38: =IF(B38<>"",E37+C38-D38,"") -> 73000 | I38: 27
A39: =IF(B39<>"",ROW()-11,"") -> 28 | B39: 45879 | E39: =IF(B39<>"",E38+C39-D39,"") -> 73000 | I39: 28
A40: =IF(B40<>"",ROW()-11,"") -> 29 | B40: 45880 | C40: 2000 | E40: =IF(B40<>"",E39+C40-D40,"") -> 75000 | I40: 29
A41: =IF(B41<>"",ROW()-11,"") -> 30 | B41: 45881 | C41: 2000 | E41: =IF(B41<>"",E40+C41-D41,"") -> 77000 | I41: 30
A42: =IF(B42<>"",ROW()-11,"") -> 31 | B42: 45882 | E42: =IF(B42<>"",E41+C42-D42,"") -> 77000 | I42: 31
A43: =IF(B43<>"",ROW()-11,"") -> 32 | B43: 45883 | C43: 2000 | E43: =IF(B43<>"",E42+C43-D43,"") -> 79000 | I43: 32
A44: =IF(B44<>"",ROW()-11,"") -> 33 | B44: 45884 | C44: 2000 | E44: =IF(B44<>"",E43+C44-D44,"") -> 81000 | I44: 33
A45: =IF(B45<>"",ROW()-11,"") -> 34 | B45: 45885 | E45: =IF(B45<>"",E44+C45-D45,"") -> 81000 | I45: 34
A46: =IF(B46<>"",ROW()-11,"") -> 35 | B46: 45886 | E46: =IF(B46<>"",E45+C46-D46,"") -> 81000 | I46: 35
A47: =IF(B47<>"",ROW()-11,"") -> 36 | B47: 45887 | E47: =IF(B47<>"",E46+C47-D47,"") -> 81000 | I47: 36
A48: =IF(B48<>"",ROW()-11,"") -> 37 | B48: 45888 | C48: 2000 | E48: =IF(B48<>"",E47+C48-D48,"") -> 83000 | I48: 37
A49: =IF(B49<>"",ROW()-11,"") -> 38 | B49: 45889 | E49: =IF(B49<>"",E48+C49-D49,"") -> 83000 | I49: 38
A50: =IF(B50<>"",ROW()-11,"") -> 39 | B50: 45890 | E50: =IF(B50<>"",E49+C50-D50,"") -> 83000 | I50: 39
A51: =IF(B51<>"",ROW()-11,"") -> 40 | B51: 45891 | C51: 2000 | E51: =IF(B51<>"",E50+C51-D51,"") -> 85000 | I51: 40
A52: =IF(B52<>"",ROW()-11,"") -> 41 | B52: 45892 | E52: =IF(B52<>"",E51+C52-D52,"") -> 85000 | I52: 41
A53: =IF(B53<>"",ROW()-11,"") -> 42 | B53: 45893 | E53: =IF(B53<>"",E52+C53-D53,"") -> 85000 | I53: 42
A54: =IF(B54<>"",ROW()-11,"") -> 43 | B54: 45894 | C54: 2000 | E54: =IF(B54<>"",E53+C54-D54,"") -> 87000 | I54: 43
A55: =IF(B55<>"",ROW()-11,"") -> 44 | B55: 45895 | E55: =IF(B55<>"",E54+C55-D55,"") -> 87000 | I55: 44
A56: =IF(B56<>"",ROW()-11,"") -> 45 | B56: 45896 | E56: =IF(B56<>"",E55+C56-D56,"") -> 87000 | I56: 45
A57: =IF(B57<>"",ROW()-11,"") -> 46 | B57: 45897 | E57: =IF(B57<>"",E56+C57-D57,"") -> 87000 | I57: 46
A58: =IF(B58<>"",ROW()-11,"") -> 47 | B58: 45898 | C58: 2000 | E58: =IF(B58<>"",E57+C58-D58,"") -> 89000 | I58: 47
A59: =IF(B59<>"",ROW()-11,"") -> 48 | B59: 45899 | E59: =IF(B59<>"",E58+C59-D59,"") -> 89000 | I59: 48
A60: =IF(B60<>"",ROW()-11,"") -> 49 | B60: 45900 | E60: =IF(B60<>"",E59+C60-D60,"") -> 89000 | I60: 49
A61: =IF(B61<>"",ROW()-11,"") -> 50 | B61: 45901 | E61: =IF(B61<>"",E60+C61-D61,"") -> 89000 | I61: 50
A62: =IF(B62<>"",ROW()-11,"") -> 51 | B62: 45902 | C62: 5000 | E62: =IF(B62<>"",E61+C62-D62,"") -> 94000 | I62: 51
A63: =IF(B63<>"",ROW()-11,"") -> 52 | B63: 45903 | E63: =IF(B63<>"",E62+C63-D63,"") -> 94000 | I63: 52
A64: =IF(B64<>"",ROW()-11,"") -> 53 | B64: 45904 | E64: =IF(B64<>"",E63+C64-D64,"") -> 94000 | I64: 53
A65: =IF(B65<>"",ROW()-11,"") -> 54 | B65: 45905 | E65: =IF(B65<>"",E64+C65-D65,"") -> 94000 | I65: 54
A66: =IF(B66<>"",ROW()-11,"") -> 55 | B66: 45906 | E66: =IF(B66<>"",E65+C66-D66,"") -> 94000 | I66: 55
A67: =IF(B67<>"",ROW()-11,"") -> 56 | B67: 45907 | E67: =IF(B67<>"",E66+C67-D67,"") -> 94000 | I67: 56
A68: =IF(B68<>"",ROW()-11,"") -> 57 | B68: 45908 | E68: =IF(B68<>"",E67+C68-D68,"") -> 94000 | I68: 57
A69: =IF(B69<>"",ROW()-11,"") -> 58 | B69: 45909 | E69: =IF(B69<>"",E68+C69-D69,"") -> 94000 | I69: 58
A70: =IF(B70<>"",ROW()-11,"") -> 59 | B70: 45910 | E70: =IF(B70<>"",E69+C70-D70,"") -> 94000 | I70: 59
A71: =IF(B71<>"",ROW()-11,"") -> 60 | B71: 45911 | E71: =IF(B71<>"",E70+C71-D71,"") -> 94000 | I71: 60
A72: =IF(B72<>"",ROW()-11,"") -> 61 | B72: 45912 | E72: =IF(B72<>"",E71+C72-D72,"") -> 94000 | I72: 61
A73: =IF(B73<>"",ROW()-11,"") -> 62 | B73: 45913 | E73: =IF(B73<>"",E72+C73-D73,"") -> 94000 | I73: 62
A74: =IF(B74<>"",ROW()-11,"") -> 63 | B74: 45914 | E74: =IF(B74<>"",E73+C74-D74,"") -> 94000 | I74: 63
A75: =IF(B75<>"",ROW()-11,"") -> 64 | B75: 45915 | C75: 2000 | E75: =IF(B75<>"",E74+C75-D75,"") -> 96000 | I75: 64
A76: =IF(B76<>"",ROW()-11,"") -> 65 | B76: 45916 | E76: =IF(B76<>"",E75+C76-D76,"") -> 96000 | I76: 65
A77: =IF(B77<>"",ROW()-11,"") -> 66 | B77: 45917 | C77: 2000 | E77: =IF(B77<>"",E76+C77-D77,"") -> 98000 | I77: 66
A78: =IF(B78<>"",ROW()-11,"") -> 67 | B78: 45918 | C78: 5000 | E78: =IF(B78<>"",E77+C78-D78,"") -> 103000 | I78: 67
A79: =IF(B79<>"",ROW()-11,"") -> 68 | B79: 45919 | E79: =IF(B79<>"",E78+C79-D79,"") -> 103000 | I79: 68
A80: =IF(B80<>"",ROW()-11,"") -> 69 | B80: 45920 | E80: =IF(B80<>"",E79+C80-D80,"") -> 103000 | I80: 69
A81: =IF(B81<>"",ROW()-11,"") -> 70 | B81: 45921 | E81: =IF(B81<>"",E80+C81-D81,"") -> 103000 | I81: 70
A82: =IF(B82<>"",ROW()-11,"") -> 71 | B82: 45922 | E82: =IF(B82<>"",E81+C82-D82,"") -> 103000 | I82: 71
A83: =IF(B83<>"",ROW()-11,"") -> 72 | B83: 45923 | E83: =IF(B83<>"",E82+C83-D83,"") -> 103000 | I83: 72
A84: =IF(B84<>"",ROW()-11,"") -> 73 | B84: 45924 | E84: =IF(B84<>"",E83+C84-D84,"") -> 103000 | I84: 73
A85: =IF(B85<>"",ROW()-11,"") -> 74 | B85: 45925 | E85: =IF(B85<>"",E84+C85-D85,"") -> 103000 | I85: 74
A86: =IF(B86<>"",ROW()-11,"") -> 75 | B86: 45926 | E86: =IF(B86<>"",E85+C86-D86,"") -> 103000 | I86: 75
A87: =IF(B87<>"",ROW()-11,"") -> 76 | B87: 45927 | E87: =IF(B87<>"",E86+C87-D87,"") -> 103000 | I87: 76
A88: =IF(B88<>"",ROW()-11,"") -> 77 | B88: 45928 | E88: =IF(B88<>"",E87+C88-D88,"") -> 103000 | I88: 77
A89: =IF(B89<>"",ROW()-11,"") -> 78 | B89: 45929 | C89: 2000 | E89: =IF(B89<>"",E88+C89-D89,"") -> 105000 | I89: 78
A90: =IF(B90<>"",ROW()-11,"") -> 79 | B90: 45930 | E90: =IF(B90<>"",E89+C90-D90,"") -> 105000 | I90: 79
A91: =IF(B91<>"",ROW()-11,"") -> 80 | B91: 45931 | C91: 2000 | E91: =IF(B91<>"",E90+C91-D91,"") -> 107000 | I91: 80
A92: =IF(B92<>"",ROW()-11,"") -> 81 | B92: 45932 | C92: 2000 | E92: =IF(B92<>"",E91+C92-D92,"") -> 109000 | I92: 81
A93: =IF(B93<>"",ROW()-11,"") -> 82 | B93: 45933 | E93: =IF(B93<>"",E92+C93-D93,"") -> 109000 | I93: 82
A94: =IF(B94<>"",ROW()-11,"") -> 83 | B94: 45934 | E94: =IF(B94<>"",E93+C94-D94,"") -> 109000 | I94: 83
A95: =IF(B95<>"",ROW()-11,"") -> 84 | B95: 45935 | E95: =IF(B95<>"",E94+C95-D95,"") -> 109000 | I95: 84
A96: =IF(B96<>"",ROW()-11,"") -> 85 | B96: 45936 | E96: =IF(B96<>"",E95+C96-D96,"") -> 109000 | I96: 85
A97: =IF(B97<>"",ROW()-11,"") -> 86 | B97: 45937 | E97: =IF(B97<>"",E96+C97-D97,"") -> 109000 | I97: 86
A98: =IF(B98<>"",ROW()-11,"") -> 87 | B98: 45938 | E98: =IF(B98<>"",E97+C98-D98,"") -> 109000 | I98: 87
A99: =IF(B99<>"",ROW()-11,"") -> 88 | B99: 45939 | E99: =IF(B99<>"",E98+C99-D99,"") -> 109000 | I99: 88
A100: =IF(B100<>"",ROW()-11,"") -> 89 | B100: 45940 | E100: =IF(B100<>"",E99+C100-D100,"") -> 109000 | I100: 89
A101: =IF(B101<>"",ROW()-11,"") -> 90 | B101: 45941 | E101: =IF(B101<>"",E100+C101-D101,"") -> 109000 | I101: 90
A102: =IF(B102<>"",ROW()-11,"") -> 91 | B102: 45942 | E102: =IF(B102<>"",E101+C102-D102,"") -> 109000 | I102: 91
A103: =IF(B103<>"",ROW()-11,"") -> 92 | B103: 45943 | E103: =IF(B103<>"",E102+C103-D103,"") -> 109000 | I103: 92
A104: =IF(B104<>"",ROW()-11,"") -> 93 | B104: 45944 | E104: =IF(B104<>"",E103+C104-D104,"") -> 109000 | I104: 93
...

Sheet 10
A1: BUKU TABUNGAN SISWA
A3: Nama | C3: =Sheet1!C18 -> HALIMATUSSADIAH
A4: NIS | C4: =Sheet1!B18 -> 231001293
A5: Kelas | C5: =Sheet1!C4 -> XII - OTKP 1
A6: Jumlah Setoran | C6: =SUM(C12:C376) -> 132000
A7: Jumlah Penarikan | C7: =SUM(D12:D376) -> 0
A8: Saldo Tabungan | C8: =SUM(C6-C7) -> 132000
A11: NO | B11: TANGGAL | C11: SETORAN | D11: PENARIKAN | E11: SALDO
A12: =IF(B12<>"",ROW()-11,"") -> 1 | B12: 45852 | C12: 94000 | E12: =IF(B12<>"",C12-D12,"") -> 94000 | I12: 1
A13: =IF(B13<>"",ROW()-11,"") -> 2 | B13: 45853 | E13: =IF(B13<>"",E12+C13-D13,"") -> 94000 | I13: 2
A14: =IF(B14<>"",ROW()-11,"") -> 3 | B14: 45854 | E14: =IF(B14<>"",E13+C14-D14,"") -> 94000 | I14: 3
A15: =IF(B15<>"",ROW()-11,"") -> 4 | B15: 45855 | E15: =IF(B15<>"",E14+C15-D15,"") -> 94000 | I15: 4
A16: =IF(B16<>"",ROW()-11,"") -> 5 | B16: 45856 | E16: =IF(B16<>"",E15+C16-D16,"") -> 94000 | I16: 5
A17: =IF(B17<>"",ROW()-11,"") -> 6 | B17: 45857 | E17: =IF(B17<>"",E16+C17-D17,"") -> 94000 | I17: 6
A18: =IF(B18<>"",ROW()-11,"") -> 7 | B18: 45858 | E18: =IF(B18<>"",E17+C18-D18,"") -> 94000 | I18: 7
A19: =IF(B19<>"",ROW()-11,"") -> 8 | B19: 45859 | E19: =IF(B19<>"",E18+C19-D19,"") -> 94000 | I19: 8
A20: =IF(B20<>"",ROW()-11,"") -> 9 | B20: 45860 | E20: =IF(B20<>"",E19+C20-D20,"") -> 94000 | I20: 9
A21: =IF(B21<>"",ROW()-11,"") -> 10 | B21: 45861 | C21: 5000 | E21: =IF(B21<>"",E20+C21-D21,"") -> 99000 | I21: 10
A22: =IF(B22<>"",ROW()-11,"") -> 11 | B22: 45862 | C22: 5000 | E22: =IF(B22<>"",E21+C22-D22,"") -> 104000 | I22: 11
A23: =IF(B23<>"",ROW()-11,"") -> 12 | B23: 45863 | E23: =IF(B23<>"",E22+C23-D23,"") -> 104000 | I23: 12
A24: =IF(B24<>"",ROW()-11,"") -> 13 | B24: 45864 | E24: =IF(B24<>"",E23+C24-D24,"") -> 104000 | I24: 13
A25: =IF(B25<>"",ROW()-11,"") -> 14 | B25: 45865 | E25: =IF(B25<>"",E24+C25-D25,"") -> 104000 | I25: 14
A26: =IF(B26<>"",ROW()-11,"") -> 15 | B26: 45866 | E26: =IF(B26<>"",E25+C26-D26,"") -> 104000 | I26: 15
A27: =IF(B27<>"",ROW()-11,"") -> 16 | B27: 45867 | E27: =IF(B27<>"",E26+C27-D27,"") -> 104000 | I27: 16
A28: =IF(B28<>"",ROW()-11,"") -> 17 | B28: 45868 | E28: =IF(B28<>"",E27+C28-D28,"") -> 104000 | I28: 17
A29: =IF(B29<>"",ROW()-11,"") -> 18 | B29: 45869 | E29: =IF(B29<>"",E28+C29-D29,"") -> 104000 | I29: 18
A30: =IF(B30<>"",ROW()-11,"") -> 19 | B30: 45870 | E30: =IF(B30<>"",E29+C30-D30,"") -> 104000 | I30: 19
A31: =IF(B31<>"",ROW()-11,"") -> 20 | B31: 45871 | E31: =IF(B31<>"",E30+C31-D31,"") -> 104000 | I31: 20
A32: =IF(B32<>"",ROW()-11,"") -> 21 | B32: 45872 | E32: =IF(B32<>"",E31+C32-D32,"") -> 104000 | I32: 21
A33: =IF(B33<>"",ROW()-11,"") -> 22 | B33: 45873 | E33: =IF(B33<>"",E32+C33-D33,"") -> 104000 | I33: 22
A34: =IF(B34<>"",ROW()-11,"") -> 23 | B34: 45874 | E34: =IF(B34<>"",E33+C34-D34,"") -> 104000 | I34: 23
... A53: =IF(B53<>"",ROW()-11,"") -> 42 | B53: 45893 | E53: =IF(B53<>"",E52+C53-D53,"") -> 104000 | I53: 42
A54: =IF(B54<>"",ROW()-11,"") -> 43 | B54: 45894 | C54: 5000 | E54: =IF(B54<>"",E53+C54-D54,"") -> 109000 | I54: 43
A55: =IF(B55<>"",ROW()-11,"") -> 44 | B55: 45895 | E55: =IF(B55<>"",E54+C55-D55,"") -> 109000 | I55: 44
A56: =IF(B56<>"",ROW()-11,"") -> 45 | B56: 45896 | E56: =IF(B56<>"",E55+C56-D56,"") -> 109000 | I56: 45
A57: =IF(B57<>"",ROW()-11,"") -> 46 | B57: 45897 | C57: 4000 | E57: =IF(B57<>"",E56+C57-D57,"") -> 113000 | I57: 46
A58: =IF(B58<>"",ROW()-11,"") -> 47 | B58: 45898 | E58: =IF(B58<>"",E57+C58-D58,"") -> 113000 | I58: 47
A59: =IF(B59<>"",ROW()-11,"") -> 48 | B59: 45899 | E59: =IF(B59<>"",E58+C59-D59,"") -> 113000 | I59: 48
A60: =IF(B60<>"",ROW()-11,"") -> 49 | B60: 45900 | E60: =IF(B60<>"",E59+C60-D60,"") -> 113000 | I60: 49
A61: =IF(B61<>"",ROW()-11,"") -> 50 | B61: 45901 | E61: =IF(B61<>"",E60+C61-D61,"") -> 113000 | I61: 50
A62: =IF(B62<>"",ROW()-11,"") -> 51 | B62: 45902 | E62: =IF(B62<>"",E61+C62-D62,"") -> 113000 | I62: 51
A63: =IF(B63<>"",ROW()-11,"") -> 52 | B63: 45903 | E63: =IF(B63<>"",E62+C63-D63,"") -> 113000 | I63: 52
A64: =IF(B64<>"",ROW()-11,"") -> 53 | B64: 45904 | C64: 4000 | E64: =IF(B64<>"",E63+C64-D64,"") -> 117000 | I64: 53
A65: =IF(B65<>"",ROW()-11,"") -> 54 | B65: 45905 | E65: =IF(B65<>"",E64+C65-D65,"") -> 117000 | I65: 54
A66: =IF(B66<>"",ROW()-11,"") -> 55 | B66: 45906 | E66: =IF(B66<>"",E65+C66-D66,"") -> 117000 | I66: 55
A67: =IF(B67<>"",ROW()-11,"") -> 56 | B67: 45907 | E67: =IF(B67<>"",E66+C67-D67,"") -> 117000 | I67: 56
A68: =IF(B68<>"",ROW()-11,"") -> 57 | B68: 45908 | E68: =IF(B68<>"",E67+C68-D68,"") -> 117000 | I68: 57
A69: =IF(B69<>"",ROW()-11,"") -> 58 | B69: 45909 | C69: 5000 | E69: =IF(B69<>"",E68+C69-D69,"") -> 122000 | I69: 58
A70: =IF(B70<>"",ROW()-11,"") -> 59 | B70: 45910 | E70: =IF(B70<>"",E69+C70-D70,"") -> 122000 | I70: 59
A71: =IF(B71<>"",ROW()-11,"") -> 60 | B71: 45911 | E71: =IF(B71<>"",E70+C71-D71,"") -> 122000 | I71: 60
A72: =IF(B72<>"",ROW()-11,"") -> 61 | B72: 45912 | E72: =IF(B72<>"",E71+C72-D72,"") -> 122000 | I72: 61
A73: =IF(B73<>"",ROW()-11,"") -> 62 | B73: 45913 | E73: =IF(B73<>"",E72+C73-D73,"") -> 122000 | I73: 62
A74: =IF(B74<>"",ROW()-11,"") -> 63 | B74: 45914 | E74: =IF(B74<>"",E73+C74-D74,"") -> 122000 | I74: 63
A75: =IF(B75<>"",ROW()-11,"") -> 64 | B75: 45915 | E75: =IF(B75<>"",E74+C75-D75,"") -> 122000 | I75: 64
A76: =IF(B76<>"",ROW()-11,"") -> 65 | B76: 45916 | E76: =IF(B76<>"",E75+C76-D76,"") -> 122000 | I76: 65
A77: =IF(B77<>"",ROW()-11,"") -> 66 | B77: 45917 | E77: =IF(B77<>"",E76+C77-D77,"") -> 122000 | I77: 66
A78: =IF(B78<>"",ROW()-11,"") -> 67 | B78: 45918 | E78: =IF(B78<>"",E77+C78-D78,"") -> 122000 | I78: 67
A79: =IF(B79<>"",ROW()-11,"") -> 68 | B79: 45919 | E79: =IF(B79<>"",E78+C79-D79,"") -> 122000 | I79: 68
A80: =IF(B80<>"",ROW()-11,"") -> 69 | B80: 45920 | E80: =IF(B80<>"",E79+C80-D80,"") -> 122000 | I80: 69
A81: =IF(B81<>"",ROW()-11,"") -> 70 | B81: 45921 | E81: =IF(B81<>"",E80+C81-D81,"") -> 122000 | I81: 70
... A90: =IF(B90<>"",ROW()-11,"") -> 79 | B90: 45930 | E90: =IF(B90<>"",E89+C90-D90,"") -> 122000 | I90: 79
A91: =IF(B91<>"",ROW()-11,"") -> 80 | B91: 45931 | C91: 5000 | E91: =IF(B91<>"",E90+C91-D91,"") -> 127000 | I91: 80
A92: =IF(B92<>"",ROW()-11,"") -> 81 | B92: 45932 | E92: =IF(B92<>"",E91+C92-D92,"") -> 127000 | I92: 81
A93: =IF(B93<>"",ROW()-11,"") -> 82 | B93: 45933 | E93: =IF(B93<>"",E92+C93-D93,"") -> 127000 | I93: 82
A94: =IF(B94<>"",ROW()-11,"") -> 83 | B94: 45934 | E94: =IF(B94<>"",E93+C94-D94,"") -> 127000 | I94: 83
A95: =IF(B95<>"",ROW()-11,"") -> 84 | B95: 45935 | E95: =IF(B95<>"",E94+C95-D95,"") -> 127000 | I95: 84
A96: =IF(B96<>"",ROW()-11,"") -> 85 | B96: 45936 | E96: =IF(B96<>"",E95+C96-D96,"") -> 127000 | I96: 85
A97: =IF(B97<>"",ROW()-11,"") -> 86 | B97: 45937 | E97: =IF(B97<>"",E96+C97-D97,"") -> 127000 | I97: 86
A98: =IF(B98<>"",ROW()-11,"") -> 87 | B98: 45938 | E98: =IF(B98<>"",E97+C98-D98,"") -> 127000 | I98: 87
A99: =IF(B99<>"",ROW()-11,"") -> 88 | B99: 45939 | C99: 5000 | E99: =IF(B99<>"",E98+C99-D99,"") -> 132000 | I99: 88
A100: =IF(B100<>"",ROW()-11,"") -> 89 | B100: 45940 | E100: =IF(B100<>"",E99+C100-D100,"") -> 132000 | I100: 89
A101: =IF(B101<>"",ROW()-11,"") -> 90 | B101: 45941 | E101: =IF(B101<>"",E100+C101-D101,"") -> 132000 | I101: 90
A102: =IF(B102<>"",ROW()-11,"") -> 91 | B102: 45942 | E102: =IF(B102<>"",E101+C102-D102,"") -> 132000 | I102: 91
A103: =IF(B103<>"",ROW()-11,"") -> 92 | B103: 45943 | E103: =IF(B103<>"",E102+C103-D103,"") -> 132000 | I103: 92
A104: =IF(B104<>"",ROW()-11,"") -> 93 | B104: 45944 | E104: =IF(B104<>"",E103+C104-D104,"") -> 132000 | I104: 93
A105: =IF(B105<>"",ROW()-11,"") -> 94 | B105: 45945 | E105: =IF(B105<>"",E104+C105-D105,"") -> 132000 | I105: 94
A106: =IF(B106<>"",ROW()-11,"") -> 95 | B106: 45946 | E106: =IF(B106<>"",E105+C106-D106,"") -> 132000 | I106: 95
A107: =IF(B107<>"",ROW()-11,"") -> 96 | B107: 45947 | E107: =IF(B107<>"",E106+C107-D107,"") -> 132000 | I107: 96
A108: =IF(B108<>"",ROW()-11,"") -> 97 | B108: 45948 | E108: =IF(B108<>"",E107+C108-D108,"") -> 132000 | I108: 97
A109: =IF(B109<>"",ROW()-11,"") -> 98 | B109: 45949 | E109: =IF(B109<>"",E108+C109-D109,"") -> 132000 | I109: 98
A110: =IF(B110<>"",ROW()-11,"") -> 99 | B110: 45950 | E110: =IF(B110<>"",E109+C110-D110,"") -> 132000 | I110: 99
A111: =IF(B111<>"",ROW()-11,"") -> 100 | B111: 45951 | E111: =IF(B111<>"",E110+C111-D111,"") -> 132000 | I111: 100
... A376: =IF(B376<>"",ROW()-11,"") -> 365 | B376: 46216 | E376: =IF(B376<>"",E375+C376-D376,"") -> 132000 | I376: 365

Sheet 11
A1: BUKU TABUNGAN SISWA
A3: Nama | C3: =Sheet1!C19 -> IKSAN NUGRAHA
A4: NIS | C4: =Sheet1!B19 -> 231001294
A5: Kelas | C5: =Sheet1!C4 -> XII - OTKP 1
A6: Jumlah Setoran | C6: =SUM(C12:C376) -> 18000
A7: Jumlah Penarikan | C7: =SUM(D12:D376) -> 0
A8: Saldo Tabungan | C8: =SUM(C6-C7) -> 18000
A11: NO | B11: TANGGAL | C11: SETORAN | D11: PENARIKAN | E11: SALDO
A12: =IF(B12<>"",ROW()-11,"") -> 1 | B12: 45852 | C12: 18000 | E12: =IF(B12<>"",C12-D12,"") -> 18000 | I12: 1
A13: =IF(B13<>"",ROW()-11,"") -> 2 | B13: 45853 | E13: =IF(B13<>"",E12+C13-D13,"") -> 18000 | I13: 2
A14: =IF(B14<>"",ROW()-11,"") -> 3 | B14: 45854 | E14: =IF(B14<>"",E13+C14-D14,"") -> 18000 | I14: 3
A15: =IF(B15<>"",ROW()-11,"") -> 4 | B15: 45855 | E15: =IF(B15<>"",E14+C15-D15,"") -> 18000 | I15: 4
A16: =IF(B16<>"",ROW()-11,"") -> 5 | B16: 45856 | E16: =IF(B16<>"",E15+C16-D16,"") -> 18000 | I16: 5
A17: =IF(B17<>"",ROW()-11,"") -> 6 | B17: 45857 | E17: =IF(B17<>"",E16+C17-D17,"") -> 18000 | I17: 6
A18: =IF(B18<>"",ROW()-11,"") -> 7 | B18: 45858 | E18: =IF(B18<>"",E17+C18-D18,"") -> 18000 | I18: 7
A19: =IF(B19<>"",ROW()-11,"") -> 8 | B19: 45859 | E19: =IF(B19<>"",E18+C19-D19,"") -> 18000 | I19: 8
A20: =IF(B20<>"",ROW()-11,"") -> 9 | B20: 45860 | E20: =IF(B20<>"",E19+C20-D20,"") -> 18000 | I20: 9
A21: =IF(B21<>"",ROW()-11,"") -> 10 | B21: 45861 | E21: =IF(B21<>"",E20+C21-D21,"") -> 18000 | I21: 10
A22: =IF(B22<>"",ROW()-11,"") -> 11 | B22: 45862 | E22: =IF(B22<>"",E21+C22-D22,"") -> 18000 | I22: 11
A23: =IF(B23<>"",ROW()-11,"") -> 12 | B23: 45863 | E23: =IF(B23<>"",E22+C23-D23,"") -> 18000 | I23: 12
A24: =IF(B24<>"",ROW()-11,"") -> 13 | B24: 45864 | E24: =IF(B24<>"",E23+C24-D24,"") -> 18000 | I24: 13
... A376: =IF(B376<>"",ROW()-11,"") -> 365 | B376: 46216 | E376: =IF(B376<>"",E375+C376-D376,"") -> 18000 | I376: 365

Sheet 12
A1: BUKU TABUNGAN SISWA
A3: Nama | C3: =Sheet1!C20 -> JULIA
A4: NIS | C4: =Sheet1!B20 -> 231001295
A5: Kelas | C5: =Sheet1!C4 -> XII - OTKP 1
A6: Jumlah Setoran | C6: =SUM(C12:C376) -> 100000
A7: Jumlah Penarikan | C7: =SUM(D12:D376) -> 100000
A8: Saldo Tabungan | C8: =SUM(C6-C7) -> 0
A11: NO | B11: TANGGAL | C11: SETORAN | D11: PENARIKAN | E11: SALDO
A12: =IF(B12<>"",ROW()-11,"") -> 1 | B12: 45852 | C12: 20000 | E12: =IF(B12<>"",C12-D12,"") -> 20000 | I12: 1
A13: =IF(B13<>"",ROW()-11,"") -> 2 | B13: 45853 | E13: =IF(B13<>"",E12+C13-D13,"") -> 20000 | I13: 2
A14: =IF(B14<>"",ROW()-11,"") -> 3 | B14: 45854 | E14: =IF(B14<>"",E13+C14-D14,"") -> 20000 | I14: 3
A15: =IF(B15<>"",ROW()-11,"") -> 4 | B15: 45855 | E15: =IF(B15<>"",E14+C15-D15,"") -> 20000 | I15: 4
A16: =IF(B16<>"",ROW()-11,"") -> 5 | B16: 45856 | E16: =IF(B16<>"",E15+C16-D16,"") -> 20000 | I16: 5
A17: =IF(B17<>"",ROW()-11,"") -> 6 | B17: 45857 | E17: =IF(B17<>"",E16+C17-D17,"") -> 20000 | I17: 6
A18: =IF(B18<>"",ROW()-11,"") -> 7 | B18: 45858 | E18: =IF(B18<>"",E17+C18-D18,"") -> 20000 | I18: 7
A19: =IF(B19<>"",ROW()-11,"") -> 8 | B19: 45859 | E19: =IF(B19<>"",E18+C19-D19,"") -> 20000 | I19: 8
A20: =IF(B20<>"",ROW()-11,"") -> 9 | B20: 45860 | E20: =IF(B20<>"",E19+C20-D20,"") -> 20000 | I20: 9
A21: =IF(B21<>"",ROW()-11,"") -> 10 | B21: 45861 | C21: 2000 | E21: =IF(B21<>"",E20+C21-D21,"") -> 22000 | I21: 10
A22: =IF(B22<>"",ROW()-11,"") -> 11 | B22: 45862 | E22: =IF(B22<>"",E21+C22-D22,"") -> 22000 | I22: 11
A23: =IF(B23<>"",ROW()-11,"") -> 12 | B23: 45863 | E23: =IF(B23<>"",E22+C23-D23,"") -> 22000 | I23: 12
A24: =IF(B24<>"",ROW()-11,"") -> 13 | B24: 45864 | E24: =IF(B24<>"",E23+C24-D24,"") -> 22000 | I24: 13
A25: =IF(B25<>"",ROW()-11,"") -> 14 | B25: 45865 | E25: =IF(B25<>"",E24+C25-D25,"") -> 22000 | I25: 14
A26: =IF(B26<>"",ROW()-11,"") -> 15 | B26: 45866 | C26: 5000 | E26: =IF(B26<>"",E25+C26-D26,"") -> 27000 | I26: 15
A27: =IF(B27<>"",ROW()-11,"") -> 16 | B27: 45867 | C27: 3000 | E27: =IF(B27<>"",E26+C27-D27,"") -> 30000 | I27: 16
A28: =IF(B28<>"",ROW()-11,"") -> 17 | B28: 45868 | C28: 20000 | E28: =IF(B28<>"",E27+C28-D28,"") -> 50000 | I28: 17
A29: =IF(B29<>"",ROW()-11,"") -> 18 | B29: 45869 | E29: =IF(B29<>"",E28+C29-D29,"") -> 50000 | I29: 18
A30: =IF(B30<>"",ROW()-11,"") -> 19 | B30: 45870 | E30: =IF(B30<>"",E29+C30-D30,"") -> 50000 | I30: 19
A31: =IF(B31<>"",ROW()-11,"") -> 20 | B31: 45871 | E31: =IF(B31<>"",E30+C31-D31,"") -> 50000 | I31: 20
A32: =IF(B32<>"",ROW()-11,"") -> 21 | B32: 45872 | E32: =IF(B32<>"",E31+C32-D32,"") -> 50000 | I32: 21
A33: =IF(B33<>"",ROW()-11,"") -> 22 | B33: 45873 | E33: =IF(B33<>"",E32+C33-D33,"") -> 50000 | I33: 22
A34: =IF(B34<>"",ROW()-11,"") -> 23 | B34: 45874 | E34: =IF(B34<>"",E33+C34-D34,"") -> 50000 | I34: 23
A35: =IF(B35<>"",ROW()-11,"") -> 24 | B35: 45875 | E35: =IF(B35<>"",E34+C35-D35,"") -> 50000 | I35: 24
A36: =IF(B36<>"",ROW()-11,"") -> 25 | B36: 45876 | E36: =IF(B36<>"",E35+C36-D36,"") -> 50000 | I36: 25
A37: =IF(B37<>"",ROW()-11,"") -> 26 | B37: 45877 | E37: =IF(B37<>"",E36+C37-D37,"") -> 50000 | I37: 26
A38: =IF(B38<>"",ROW()-11,"") -> 27 | B38: 45878 | E38: =IF(B38<>"",E37+C38-D38,"") -> 50000 | I38: 27
A39: =IF(B39<>"",ROW()-11,"") -> 28 | B39: 45879 | E39: =IF(B39<>"",E38+C39-D39,"") -> 50000 | I39: 28
A40: =IF(B40<>"",ROW()-11,"") -> 29 | B40: 45880 | E40: =IF(B40<>"",E39+C40-D40,"") -> 50000 | I40: 29
... A42: =IF(B42<>"",ROW()-11,"") -> 31 | B42: 45882 | E42: =IF(B42<>"",E41+C42-D42,"") -> 50000 | I42: 31
A43: =IF(B43<>"",ROW()-11,"") -> 32 | B43: 45883 | C43: 50000 | E43: =IF(B43<>"",E42+C43-D43,"") -> 100000 | I43: 32
A44: =IF(B44<>"",ROW()-11,"") -> 33 | B44: 45884 | E44: =IF(B44<>"",E43+C44-D44,"") -> 100000 | I44: 33
A45: =IF(B45<>"",ROW()-11,"") -> 34 | B45: 45885 | E45: =IF(B45<>"",E44+C45-D45,"") -> 100000 | I45: 34
A46: =IF(B46<>"",ROW()-11,"") -> 35 | B46: 45886 | E46: =IF(B46<>"",E45+C46-D46,"") -> 100000 | I46: 35
A47: =IF(B47<>"",ROW()-11,"") -> 36 | B47: 45887 | E47: =IF(B47<>"",E46+C47-D47,"") -> 100000 | I47: 36
A48: =IF(B48<>"",ROW()-11,"") -> 37 | B48: 45888 | E48: =IF(B48<>"",E47+C48-D48,"") -> 100000 | I48: 37
A49: =IF(B49<>"",ROW()-11,"") -> 38 | B49: 45889 | E49: =IF(B49<>"",E48+C49-D49,"") -> 100000 | I49: 38
A50: =IF(B50<>"",ROW()-11,"") -> 39 | B50: 45890 | E50: =IF(B50<>"",E49+C50-D50,"") -> 100000 | I50: 39
A51: =IF(B51<>"",ROW()-11,"") -> 40 | B51: 45891 | E51: =IF(B51<>"",E50+C51-D51,"") -> 100000 | I51: 40
A52: =IF(B52<>"",ROW()-11,"") -> 41 | B52: 45892 | E52: =IF(B52<>"",E51+C52-D52,"") -> 100000 | I52: 41
A53: =IF(B53<>"",ROW()-11,"") -> 42 | B53: 45893 | E53: =IF(B53<>"",E52+C53-D53,"") -> 100000 | I53: 42
A54: =IF(B54<>"",ROW()-11,"") -> 43 | B54: 45894 | E54: =IF(B54<>"",E53+C54-D54,"") -> 100000 | I54: 43
A55: =IF(B55<>"",ROW()-11,"") -> 44 | B55: 45895 | E55: =IF(B55<>"",E54+C55-D55,"") -> 100000 | I55: 44
... A75: =IF(B75<>"",ROW()-11,"") -> 64 | B75: 45915 | E75: =IF(B75<>"",E74+C75-D75,"") -> 100000 | I75: 64
A76: =IF(B76<>"",ROW()-11,"") -> 65 | B76: 45916 | D76: 100000 | E76: =IF(B76<>"",E75+C76-D76,"") -> 0 | I76: 65
A77: =IF(B77<>"",ROW()-11,"") -> 66 | B77: 45917 | E77: =IF(B77<>"",E76+C77-D77,"") -> 0 | I77: 66
A78: =IF(B78<>"",ROW()-11,"") -> 67 | B78: 45918 | E78: =IF(B78<>"",E77+C78-D78,"") -> 0 | I78: 67
A79: =IF(B79<>"",ROW()-11,"") -> 68 | B79: 45919 | E79: =IF(B79<>"",E78+C79-D79,"") -> 0 | I79: 68
A80: =IF(B80<>"",ROW()-11,"") -> 69 | B80: 45920 | E80: =IF(B80<>"",E79+C80-D80,"") -> 0 | I80: 69
A81: =IF(B81<>"",ROW()-11,"") -> 70 | B81: 45921 | E81: =IF(B81<>"",E80+C81-D81,"") -> 0 | I81: 70
A82: =IF(B82<>"",ROW()-11,"") -> 71 | B82: 45922 | E82: =IF(B82<>"",E81+C82-D82,"") -> 0 | I82: 71
A83: =IF(B83<>"",ROW()-11,"") -> 72 | B83: 45923 | E83: =IF(B83<>"",E82+C83-D83,"") -> 0 | I83: 72
A84: =IF(B84<>"",ROW()-11,"") -> 73 | B84: 45924 | E84: =IF(B84<>"",E83+C84-D84,"") -> 0 | I84: 73
A85: =IF(B85<>"",ROW()-11,"") -> 74 | B85: 45925 | E85: =IF(B85<>"",E84+C85-D85,"") -> 0 | I85: 74
A86: =IF(B86<>"",ROW()-11,"") -> 75 | B86: 45926 | E86: =IF(B86<>"",E85+C86-D86,"") -> 0 | I86: 75
A87: =IF(B87<>"",ROW()-11,"") -> 76 | B87: 45927 | E87: =IF(B87<>"",E86+C87-D87,"") -> 0 | I87: 76
A88: =IF(B88<>"",ROW()-11,"") -> 77 | B88: 45928 | E88: =IF(B88<>"",E87+C88-D88,"") -> 0 | I88: 77
... A376: =IF(B376<>"",ROW()-11,"") -> 365 | B376: 46216 | E376: =IF(B376<>"",E375+C376-D376,"") -> 0 | I376: 365

Sheet 13
A1: BUKU TABUNGAN SISWA
A3: Nama | C3: =Sheet1!C21 -> KANANTI MAHARDINI
A4: NIS | C4: =Sheet1!B21 -> 231001296
A5: Kelas | C5: =Sheet1!C4 -> XII - OTKP 1
A6: Jumlah Setoran | C6: =SUM(C12:C376) -> 64000
A7: Jumlah Penarikan | C7: =SUM(D12:D376) -> 50000
A8: Saldo Tabungan | C8: =SUM(C6-C7) -> 14000
A11: NO | B11: TANGGAL | C11: SETORAN | D11: PENARIKAN | E11: SALDO
A12: =IF(B12<>"",ROW()-11,"") -> 1 | B12: 45852 | C12: 53000 | E12: =IF(B12<>"",C12-D12,"") -> 53000 | I12: 1
A13: =IF(B13<>"",ROW()-11,"") -> 2 | B13: 45853 | E13: =IF(B13<>"",E12+C13-D13,"") -> 53000 | I13: 2
A14: =IF(B14<>"",ROW()-11,"") -> 3 | B14: 45854 | E14: =IF(B14<>"",E13+C14-D14,"") -> 53000 | I14: 3
A15: =IF(B15<>"",ROW()-11,"") -> 4 | B15: 45855 | E15: =IF(B15<>"",E14+C15-D15,"") -> 53000 | I15: 4
A16: =IF(B16<>"",ROW()-11,"") -> 5 | B16: 45856 | E16: =IF(B16<>"",E15+C16-D16,"") -> 53000 | I16: 5
A17: =IF(B17<>"",ROW()-11,"") -> 6 | B17: 45857 | E17: =IF(B17<>"",E16+C17-D17,"") -> 53000 | I17: 6
A18: =IF(B18<>"",ROW()-11,"") -> 7 | B18: 45858 | E18: =IF(B18<>"",E17+C18-D18,"") -> 53000 | I18: 7
A19: =IF(B19<>"",ROW()-11,"") -> 8 | B19: 45859 | E19: =IF(B19<>"",E18+C19-D19,"") -> 53000 | I19: 8
A20: =IF(B20<>"",ROW()-11,"") -> 9 | B20: 45860 | E20: =IF(B20<>"",E19+C20-D20,"") -> 53000 | I20: 9
A21: =IF(B21<>"",ROW()-11,"") -> 10 | B21: 45861 | C21: 2000 | E21: =IF(B21<>"",E20+C21-D21,"") -> 55000 | I21: 10
A22: =IF(B22<>"",ROW()-11,"") -> 11 | B22: 45862 | E22: =IF(B22<>"",E21+C22-D22,"") -> 55000 | I22: 11
A23: =IF(B23<>"",ROW()-11,"") -> 12 | B23: 45863 | E23: =IF(B23<>"",E22+C23-D23,"") -> 55000 | I23: 12
A24: =IF(B24<>"",ROW()-11,"") -> 13 | B24: 45864 | E24: =IF(B24<>"",E23+C24-D24,"") -> 55000 | I24: 13
A25: =IF(B25<>"",ROW()-11,"") -> 14 | B25: 45865 | E25: =IF(B25<>"",E24+C25-D25,"") -> 55000 | I25: 14
A26: =IF(B26<>"",ROW()-11,"") -> 15 | B26: 45866 | E26: =IF(B26<>"",E25+C26-D26,"") -> 55000 | I26: 15
A27: =IF(B27<>"",ROW()-11,"") -> 16 | B27: 45867 | E27: =IF(B27<>"",E26+C27-D27,"") -> 55000 | I27: 16
A28: =IF(B28<>"",ROW()-11,"") -> 17 | B28: 45868 | E28: =IF(B28<>"",E27+C28-D28,"") -> 55000 | I28: 17
A29: =IF(B29<>"",ROW()-11,"") -> 18 | B29: 45869 | E29: =IF(B29<>"",E28+C29-D29,"") -> 55000 | I29: 18
A30: =IF(B30<>"",ROW()-11,"") -> 19 | B30: 45870 | E30: =IF(B30<>"",E29+C30-D30,"") -> 55000 | I30: 19
A31: =IF(B31<>"",ROW()-11,"") -> 20 | B31: 45871 | E31: =IF(B31<>"",E30+C31-D31,"") -> 55000 | I31: 20
A32: =IF(B32<>"",ROW()-11,"") -> 21 | B32: 45872 | E32: =IF(B32<>"",E31+C32-D32,"") -> 55000 | I32: 21
A33: =IF(B33<>"",ROW()-11,"") -> 22 | B33: 45873 | C33: 2000 | E33: =IF(B33<>"",E32+C33-D33,"") -> 57000 | I33: 22
A34: =IF(B34<>"",ROW()-11,"") -> 23 | B34: 45874 | E34: =IF(B34<>"",E33+C34-D34,"") -> 57000 | I34: 23
A35: =IF(B35<>"",ROW()-11,"") -> 24 | B35: 45875 | E35: =IF(B35<>"",E34+C35-D35,"") -> 57000 | I35: 24
A36: =IF(B36<>"",ROW()-11,"") -> 25 | B36: 45876 | E36: =IF(B36<>"",E35+C36-D36,"") -> 57000 | I36: 25
A37: =IF(B37<>"",ROW()-11,"") -> 26 | B37: 45877 | E37: =IF(B37<>"",E36+C37-D37,"") -> 57000 | I37: 26
A38: =IF(B38<>"",ROW()-11,"") -> 27 | B38: 45878 | E38: =IF(B38<>"",E37+C38-D38,"") -> 57000 | I38: 27
A39: =IF(B39<>"",ROW()-11,"") -> 28 | B39: 45879 | E39: =IF(B39<>"",E38+C39-D39,"") -> 57000 | I39: 28
A40: =IF(B40<>"",ROW()-11,"") -> 29 | B40: 45880 | E40: =IF(B40<>"",E39+C40-D40,"") -> 57000 | I40: 29
A41: =IF(B41<>"",ROW()-11,"") -> 30 | B41: 45881 | E41: =IF(B41<>"",E40+C41-D41,"") -> 57000 | I41: 30
A42: =IF(B42<>"",ROW()-11,"") -> 31 | B42: 45882 | E42: =IF(B42<>"",E41+C42-D42,"") -> 57000 | I42: 31
A43: =IF(B43<>"",ROW()-11,"") -> 32 | B43: 45883 | E43: =IF(B43<>"",E42+C43-D43,"") -> 57000 | I43: 32
A44: =IF(B44<>"",ROW()-11,"") -> 33 | B44: 45884 | E44: =IF(B44<>"",E43+C44-D44,"") -> 57000 | I44: 33
A45: =IF(B45<>"",ROW()-11,"") -> 34 | B45: 45885 | E45: =IF(B45<>"",E44+C45-D45,"") -> 57000 | I45: 34
... A62: =IF(B62<>"",ROW()-11,"") -> 51 | B62: 45902 | E62: =IF(B62<>"",E61+C62-D62,"") -> 57000 | I62: 51
A63: =IF(B63<>"",ROW()-11,"") -> 52 | B63: 45903 | C63: 2000 | E63: =IF(B63<>"",E62+C63-D63,"") -> 59000 | I63: 52
A64: =IF(B64<>"",ROW()-11,"") -> 53 | B64: 45904 | E64: =IF(B64<>"",E63+C64-D64,"") -> 59000 | I64: 53
A65: =IF(B65<>"",ROW()-11,"") -> 54 | B65: 45905 | E65: =IF(B65<>"",E64+C65-D65,"") -> 59000 | I65: 54
A66: =IF(B66<>"",ROW()-11,"") -> 55 | B66: 45906 | E66: =IF(B66<>"",E65+C66-D66,"") -> 59000 | I66: 55
A67: =IF(B67<>"",ROW()-11,"") -> 56 | B67: 45907 | E67: =IF(B67<>"",E66+C67-D67,"") -> 59000 | I67: 56
A68: =IF(B68<>"",ROW()-11,"") -> 57 | B68: 45908 | E68: =IF(B68<>"",E67+C68-D68,"") -> 59000 | I68: 57
A69: =IF(B69<>"",ROW()-11,"") -> 58 | B69: 45909 | E69: =IF(B69<>"",E68+C69-D69,"") -> 59000 | I69: 58
A70: =IF(B70<>"",ROW()-11,"") -> 59 | B70: 45910 | E70: =IF(B70<>"",E69+C70-D70,"") -> 59000 | I70: 59
A71: =IF(B71<>"",ROW()-11,"") -> 60 | B71: 45911 | E71: =IF(B71<>"",E70+C71-D71,"") -> 59000 | I71: 60
A72: =IF(B72<>"",ROW()-11,"") -> 61 | B72: 45912 | E72: =IF(B72<>"",E71+C72-D72,"") -> 59000 | I72: 61
A73: =IF(B73<>"",ROW()-11,"") -> 62 | B73: 45913 | E73: =IF(B73<>"",E72+C73-D73,"") -> 59000 | I73: 62
A74: =IF(B74<>"",ROW()-11,"") -> 63 | B74: 45914 | E74: =IF(B74<>"",E73+C74-D74,"") -> 59000 | I74: 63
A75: =IF(B75<>"",ROW()-11,"") -> 64 | B75: 45915 | E75: =IF(B75<>"",E74+C75-D75,"") -> 59000 | I75: 64
... A78: =IF(B78<>"",ROW()-11,"") -> 67 | B78: 45918 | E78: =IF(B78<>"",E77+C78-D78,"") -> 59000 | I78: 67
A79: =IF(B79<>"",ROW()-11,"") -> 68 | B79: 45919 | D79: 50000 | E79: =IF(B79<>"",E78+C79-D79,"") -> 9000 | I79: 68
A80: =IF(B80<>"",ROW()-11,"") -> 69 | B80: 45920 | E80: =IF(B80<>"",E79+C80-D80,"") -> 9000 | I80: 69
A81: =IF(B81<>"",ROW()-11,"") -> 70 | B81: 45921 | E81: =IF(B81<>"",E80+C81-D81,"") -> 9000 | I81: 70
A82: =IF(B82<>"",ROW()-11,"") -> 71 | B82: 45922 | E82: =IF(B82<>"",E81+C82-D82,"") -> 9000 | I82: 71
A83: =IF(B83<>"",ROW()-11,"") -> 72 | B83: 45923 | E83: =IF(B83<>"",E82+C83-D83,"") -> 9000 | I83: 72
A84: =IF(B84<>"",ROW()-11,"") -> 73 | B84: 45924 | E84: =IF(B84<>"",E83+C84-D84,"") -> 9000 | I84: 73
A85: =IF(B85<>"",ROW()-11,"") -> 74 | B85: 45925 | E85: =IF(B85<>"",E84+C85-D85,"") -> 9000 | I85: 74
A86: =IF(B86<>"",ROW()-11,"") -> 75 | B86: 45926 | E86: =IF(B86<>"",E85+C86-D86,"") -> 9000 | I86: 75
A87: =IF(B87<>"",ROW()-11,"") -> 76 | B87: 45927 | E87: =IF(B87<>"",E86+C87-D87,"") -> 9000 | I87: 76
A88: =IF(B88<>"",ROW()-11,"") -> 77 | B88: 45928 | E88: =IF(B88<>"",E87+C88-D88,"") -> 9000 | I88: 77
A89: =IF(B89<>"",ROW()-11,"") -> 78 | B89: 45929 | E89: =IF(B89<>"",E88+C89-D89,"") -> 9000 | I89: 78
A90: =IF(B90<>"",ROW()-11,"") -> 79 | B90: 45930 | C90: 5000 | E90: =IF(B90<>"",E89+C90-D90,"") -> 14000 | I90: 79
A91: =IF(B91<>"",ROW()-11,"") -> 80 | B91: 45931 | E91: =IF(B91<>"",E90+C91-D91,"") -> 14000 | I91: 80
A92: =IF(B92<>"",ROW()-11,"") -> 81 | B92: 45932 | E92: =IF(B92<>"",E91+C92-D92,"") -> 14000 | I92: 81
A93: =IF(B93<>"",ROW()-11,"") -> 82 | B93: 45933 | E93: =IF(B93<>"",E92+C93-D93,"") -> 14000 | I93: 82
A94: =IF(B94<>"",ROW()-11,"") -> 83 | B94: 45934 | E94: =IF(B94<>"",E93+C94-D94,"") -> 14000 | I94: 83
A95: =IF(B95<>"",ROW()-11,"") -> 84 | B95: 45935 | E95: =IF(B95<>"",E94+C95-D95,"") -> 14000 | I95: 84
A96: =IF(B96<>"",ROW()-11,"") -> 85 | B96: 45936 | E96: =IF(B96<>"",E95+C96-D96,"") -> 14000 | I96: 85
A97: =IF(B97<>"",ROW()-11,"") -> 86 | B97: 45937 | E97: =IF(B97<>"",E96+C97-D97,"") -> 14000 | I97: 86
A98: =IF(B98<>"",ROW()-11,"") -> 87 | B98: 45938 | E98: =IF(B98<>"",E97+C98-D98,"") -> 14000 | I98: 87
A99: =IF(B99<>"",ROW()-11,"") -> 88 | B99: 45939 | E99: =IF(B99<>"",E98+C99-D99,"") -> 14000 | I99: 88
A100: =IF(B100<>"",ROW()-11,"") -> 89 | B100: 45940 | E100: =IF(B100<>"",E99+C100-D100,"") -> 14000 | I100: 89
A101: =IF(B101<>"",ROW()-11,"") -> 90 | B101: 45941 | E101: =IF(B101<>"",E100+C101-D101,"") -> 14000 | I101: 90
A102: =IF(B102<>"",ROW()-11,"") -> 91 | B102: 45942 | E102: =IF(B102<>"",E101+C102-D102,"") -> 14000 | I102: 91
... A376: =IF(B376<>"",ROW()-11,"") -> 365 | B376: 46216 | E376: =IF(B376<>"",E375+C376-D376,"") -> 14000 | I376: 365

Sheet 14
A1: BUKU TABUNGAN SISWA
A3: Nama | C3: =Sheet1!C22 -> M. IRWAN RUHIANSYAH
A4: NIS | C4: =Sheet1!B22 -> 231001299
A5: Kelas | C5: =Sheet1!C4 -> XII - OTKP 1
A6: Jumlah Setoran | C6: =SUM(C12:C376) -> 150000
A7: Jumlah Penarikan | C7: =SUM(D12:D376) -> 15000
A8: Saldo Tabungan | C8: =SUM(C6-C7) -> 135000
A11: NO | B11: TANGGAL | C11: SETORAN | D11: PENARIKAN | E11: SALDO
A12: =IF(B12<>"",ROW()-11,"") -> 1 | B12: 45852 | C12: 90000 | E12: =IF(B12<>"",C12-D12,"") -> 90000 | I12: 1
A13: =IF(B13<>"",ROW()-11,"") -> 2 | B13: 45853 | E13: =IF(B13<>"",E12+C13-D13,"") -> 90000 | I13: 2
A14: =IF(B14<>"",ROW()-11,"") -> 3 | B14: 45854 | E14: =IF(B14<>"",E13+C14-D14,"") -> 90000 | I14: 3
A15: =IF(B15<>"",ROW()-11,"") -> 4 | B15: 45855 | E15: =IF(B15<>"",E14+C15-D15,"") -> 90000 | I15: 4
A16: =IF(B16<>"",ROW()-11,"") -> 5 | B16: 45856 | E16: =IF(B16<>"",E15+C16-D16,"") -> 90000 | I16: 5
A17: =IF(B17<>"",ROW()-11,"") -> 6 | B17: 45857 | E17: =IF(B17<>"",E16+C17-D17,"") -> 90000 | I17: 6
A18: =IF(B18<>"",ROW()-11,"") -> 7 | B18: 45858 | E18: =IF(B18<>"",E17+C18-D18,"") -> 90000 | I18: 7
A19: =IF(B19<>"",ROW()-11,"") -> 8 | B19: 45859 | E19: =IF(B19<>"",E18+C19-D19,"") -> 90000 | I19: 8
A20: =IF(B20<>"",ROW()-11,"") -> 9 | B20: 45860 | E20: =IF(B20<>"",E19+C20-D20,"") -> 90000 | I20: 9
A21: =IF(B21<>"",ROW()-11,"") -> 10 | B21: 45861 | E21: =IF(B21<>"",E20+C21-D21,"") -> 90000 | I21: 10
A22: =IF(B22<>"",ROW()-11,"") -> 11 | B22: 45862 | E22: =IF(B22<>"",E21+C22-D22,"") -> 90000 | I22: 11
A23: =IF(B23<>"",ROW()-11,"") -> 12 | B23: 45863 | E23: =IF(B23<>"",E22+C23-D23,"") -> 90000 | I23: 12
A24: =IF(B24<>"",ROW()-11,"") -> 13 | B24: 45864 | E24: =IF(B24<>"",E23+C24-D24,"") -> 90000 | I24: 13
... A48: =IF(B48<>"",ROW()-11,"") -> 37 | B48: 45888 | E48: =IF(B48<>"",E47+C48-D48,"") -> 90000 | I48: 37
A49: =IF(B49<>"",ROW()-11,"") -> 38 | B49: 45889 | C49: 5000 | E49: =IF(B49<>"",E48+C49-D49,"") -> 95000 | I49: 38
A50: =IF(B50<>"",ROW()-11,"") -> 39 | B50: 45890 | E50: =IF(B50<>"",E49+C50-D50,"") -> 95000 | I50: 39
A51: =IF(B51<>"",ROW()-11,"") -> 40 | B51: 45891 | C51: 5000 | E51: =IF(B51<>"",E50+C51-D51,"") -> 100000 | I51: 40
A52: =IF(B52<>"",ROW()-11,"") -> 41 | B52: 45892 | E52: =IF(B52<>"",E51+C52-D52,"") -> 100000 | I52: 41
A53: =IF(B53<>"",ROW()-11,"") -> 42 | B53: 45893 | E53: =IF(B53<>"",E52+C53-D53,"") -> 100000 | I53: 42
A54: =IF(B54<>"",ROW()-11,"") -> 43 | B54: 45894 | C54: 5000 | E54: =IF(B54<>"",E53+C54-D54,"") -> 105000 | I54: 43
A55: =IF(B55<>"",ROW()-11,"") -> 44 | B55: 45895 | E55: =IF(B55<>"",E54+C55-D55,"") -> 105000 | I55: 44
A56: =IF(B56<>"",ROW()-11,"") -> 45 | B56: 45896 | E56: =IF(B56<>"",E55+C56-D56,"") -> 105000 | I56: 45
A57: =IF(B57<>"",ROW()-11,"") -> 46 | B57: 45897 | E57: =IF(B57<>"",E56+C57-D57,"") -> 105000 | I57: 46
A58: =IF(B58<>"",ROW()-11,"") -> 47 | B58: 45898 | C58: 5000 | E58: =IF(B58<>"",E57+C58-D58,"") -> 110000 | I58: 47
A59: =IF(B59<>"",ROW()-11,"") -> 48 | B59: 45899 | E59: =IF(B59<>"",E58+C59-D59,"") -> 110000 | I59: 48
A60: =IF(B60<>"",ROW()-11,"") -> 49 | B60: 45900 | E60: =IF(B60<>"",E59+C60-D60,"") -> 110000 | I60: 49
A61: =IF(B61<>"",ROW()-11,"") -> 50 | B61: 45901 | C61: 5000 | E61: =IF(B61<>"",E60+C61-D61,"") -> 115000 | I61: 50
A62: =IF(B62<>"",ROW()-11,"") -> 51 | B62: 45902 | E62: =IF(B62<>"",E61+C62-D62,"") -> 115000 | I62: 51
A63: =IF(B63<>"",ROW()-11,"") -> 52 | B63: 45903 | E63: =IF(B63<>"",E62+C63-D63,"") -> 115000 | I63: 52
A64: =IF(B64<>"",ROW()-11,"") -> 53 | B64: 45904 | C64: 5000 | E64: =IF(B64<>"",E63+C64-D64,"") -> 120000 | I64: 53
A65: =IF(B65<>"",ROW()-11,"") -> 54 | B65: 45905 | E65: =IF(B65<>"",E64+C65-D65,"") -> 120000 | I65: 54
A66: =IF(B66<>"",ROW()-11,"") -> 55 | B66: 45906 | E66: =IF(B66<>"",E65+C66-D66,"") -> 120000 | I66: 55
A67: =IF(B67<>"",ROW()-11,"") -> 56 | B67: 45907 | E67: =IF(B67<>"",E66+C67-D67,"") -> 120000 | I67: 56
A68: =IF(B68<>"",ROW()-11,"") -> 57 | B68: 45908 | C68: 5000 | E68: =IF(B68<>"",E67+C68-D68,"") -> 125000 | I68: 57
A69: =IF(B69<>"",ROW()-11,"") -> 58 | B69: 45909 | C69: 5000 | E69: =IF(B69<>"",E68+C69-D69,"") -> 130000 | I69: 58
A70: =IF(B70<>"",ROW()-11,"") -> 59 | B70: 45910 | E70: =IF(B70<>"",E69+C70-D70,"") -> 130000 | I70: 59
A71: =IF(B71<>"",ROW()-11,"") -> 60 | B71: 45911 | C71: 5000 | E71: =IF(B71<>"",E70+C71-D71,"") -> 135000 | I71: 60
A72: =IF(B72<>"",ROW()-11,"") -> 61 | B72: 45912 | E72: =IF(B72<>"",E71+C72-D72,"") -> 135000 | I72: 61
A73: =IF(B73<>"",ROW()-11,"") -> 62 | B73: 45913 | E73: =IF(B73<>"",E72+C73-D73,"") -> 135000 | I73: 62
A74: =IF(B74<>"",ROW()-11,"") -> 63 | B74: 45914 | E74: =IF(B74<>"",E73+C74-D74,"") -> 135000 | I74: 63
A75: =IF(B75<>"",ROW()-11,"") -> 64 | B75: 45915 | E75: =IF(B75<>"",E74+C75-D75,"") -> 135000 | I75: 64
A76: =IF(B76<>"",ROW()-11,"") -> 65 | B76: 45916 | E76: =IF(B76<>"",E75+C76-D76,"") -> 135000 | I76: 65
A77: =IF(B77<>"",ROW()-11,"") -> 66 | B77: 45917 | C77: 5000 | E77: =IF(B77<>"",E76+C77-D77,"") -> 140000 | I77: 66
A78: =IF(B78<>"",ROW()-11,"") -> 67 | B78: 45918 | E78: =IF(B78<>"",E77+C78-D78,"") -> 140000 | I78: 67
A79: =IF(B79<>"",ROW()-11,"") -> 68 | B79: 45919 | E79: =IF(B79<>"",E78+C79-D79,"") -> 140000 | I79: 68
A80: =IF(B80<>"",ROW()-11,"") -> 69 | B80: 45920 | E80: =IF(B80<>"",E79+C80-D80,"") -> 140000 | I80: 69
A81: =IF(B81<>"",ROW()-11,"") -> 70 | B81: 45921 | E81: =IF(B81<>"",E80+C81-D81,"") -> 140000 | I81: 70
A82: =IF(B82<>"",ROW()-11,"") -> 71 | B82: 45922 | E82: =IF(B82<>"",E81+C82-D82,"") -> 140000 | I82: 71
A83: =IF(B83<>"",ROW()-11,"") -> 72 | B83: 45923 | E83: =IF(B83<>"",E82+C83-D83,"") -> 140000 | I83: 72
A84: =IF(B84<>"",ROW()-11,"") -> 73 | B84: 45924 | E84: =IF(B84<>"",E83+C84-D84,"") -> 140000 | I84: 73
A85: =IF(B85<>"",ROW()-11,"") -> 74 | B85: 45925 | E85: =IF(B85<>"",E84+C85-D85,"") -> 140000 | I85: 74
A86: =IF(B86<>"",ROW()-11,"") -> 75 | B86: 45926 | E86: =IF(B86<>"",E85+C86-D86,"") -> 140000 | I86: 75
A87: =IF(B87<>"",ROW()-11,"") -> 76 | B87: 45927 | E87: =IF(B87<>"",E86+C87-D87,"") -> 140000 | I87: 76
A88: =IF(B88<>"",ROW()-11,"") -> 77 | B88: 45928 | E88: =IF(B88<>"",E87+C88-D88,"") -> 140000 | I88: 77
A89: =IF(B89<>"",ROW()-11,"") -> 78 | B89: 45929 | C89: 5000 | E89: =IF(B89<>"",E88+C89-D89,"") -> 145000 | I89: 78
A90: =IF(B90<>"",ROW()-11,"") -> 79 | B90: 45930 | E90: =IF(B90<>"",E89+C90-D90,"") -> 145000 | I90: 79
A91: =IF(B91<>"",ROW()-11,"") -> 80 | B91: 45931 | E91: =IF(B91<>"",E90+C91-D91,"") -> 145000 | I91: 80
A92: =IF(B92<>"",ROW()-11,"") -> 81 | B92: 45932 | C92: 5000 | E92: =IF(B92<>"",E91+C92-D92,"") -> 150000 | I92: 81
A93: =IF(B93<>"",ROW()-11,"") -> 82 | B93: 45933 | E93: =IF(B93<>"",E92+C93-D93,"") -> 150000 | I93: 82
A94: =IF(B94<>"",ROW()-11,"") -> 83 | B94: 45934 | E94: =IF(B94<>"",E93+C94-D94,"") -> 150000 | I94: 83
A95: =IF(B95<>"",ROW()-11,"") -> 84 | B95: 45935 | E95: =IF(B95<>"",E94+C95-D95,"") -> 150000 | I95: 84
A96: =IF(B96<>"",ROW()-11,"") -> 85 | B96: 45936 | E96: =IF(B96<>"",E95+C96-D96,"") -> 150000 | I96: 85
A97: =IF(B97<>"",ROW()-11,"") -> 86 | B97: 45937 | E97: =IF(B97<>"",E96+C97-D97,"") -> 150000 | I97: 86
A98: =IF(B98<>"",ROW()-11,"") -> 87 | B98: 45938 | E98: =IF(B98<>"",E97+C98-D98,"") -> 150000 | I98: 87
A99: =IF(B99<>"",ROW()-11,"") -> 88 | B99: 45939 | E99: =IF(B99<>"",E98+C99-D99,"") -> 150000 | I99: 88
A100: =IF(B100<>"",ROW()-11,"") -> 89 | B100: 45940 | E100: =IF(B100<>"",E99+C100-D100,"") -> 150000 | I100: 89
A101: =IF(B101<>"",ROW()-11,"") -> 90 | B101: 45941 | E101: =IF(B101<>"",E100+C101-D101,"") -> 150000 | I101: 90
A102: =IF(B102<>"",ROW()-11,"") -> 91 | B102: 45942 | E102: =IF(B102<>"",E101+C102-D102,"") -> 150000 | I102: 91
A103: =IF(B103<>"",ROW()-11,"") -> 92 | B103: 45943 | D103: 15000 | E103: =IF(B103<>"",E102+C103-D103,"") -> 135000 | I103: 92
A104: =IF(B104<>"",ROW()-11,"") -> 93 | B104: 45944 | E104: =IF(B104<>"",E103+C104-D104,"") -> 135000 | I104: 93
A105: =IF(B105<>"",ROW()-11,"") -> 94 | B105: 45945 | E105: =IF(B105<>"",E104+C105-D105,"") -> 135000 | I105: 94
A106: =IF(B106<>"",ROW()-11,"") -> 95 | B106: 45946 | E106: =IF(B106<>"",E105+C106-D106,"") -> 135000 | I106: 95
A107: =IF(B107<>"",ROW()-11,"") -> 96 | B107: 45947 | E107: =IF(B107<>"",E106+C107-D107,"") -> 135000 | I107: 96
A108: =IF(B108<>"",ROW()-11,"") -> 97 | B108: 45948 | E108: =IF(B108<>"",E107+C108-D108,"") -> 135000 | I108: 97
A109: =IF(B109<>"",ROW()-11,"") -> 98 | B109: 45949 | E109: =IF(B109<>"",E108+C109-D109,"") -> 135000 | I109: 98
A110: =IF(B110<>"",ROW()-11,"") -> 99 | B110: 45950 | E110: =IF(B110<>"",E109+C110-D110,"") -> 135000 | I110: 99
A111: =IF(B111<>"",ROW()-11,"") -> 100 | B111: 45951 | E111: =IF(B111<>"",E110+C111-D111,"") -> 135000 | I111: 100
A112: =IF(B112<>"",ROW()-11,"") -> 101 | B112: 45952 | E112: =IF(B112<>"",E111+C112-D112,"") -> 135000 | I112: 101
A113: =IF(B113<>"",ROW()-11,"") -> 102 | B113: 45953 | E113: =IF(B113<>"",E112+C113-D113,"") -> 135000 | I113: 102
A114: =IF(B114<>"",ROW()-11,"") -> 103 | B114: 45954 | E114: =IF(B114<>"",E113+C114-D114,"") -> 135000 | I114: 103
A115: =IF(B115<>"",ROW()-11,"") -> 104 | B115: 45955 | E115: =IF(B115<>"",E114+C115-D115,"") -> 135000 | I115: 104
... A376: =IF(B376<>"",ROW()-11,"") -> 365 | B376: 46216 | E376: =IF(B376<>"",E375+C376-D376,"") -> 135000 | I376: 365

Sheet 15
A1: BUKU TABUNGAN SISWA
A3: Nama | C3: =Sheet1!C23 -> MEYLANI SRI RAHAYU
A4: NIS | C4: =Sheet1!B23 -> 231001297
A5: Kelas | C5: =Sheet1!C4 -> XII - OTKP 1
A6: Jumlah Setoran | C6: =SUM(C12:C376) -> 100000
A7: Jumlah Penarikan | C7: =SUM(D12:D376) -> 0
A8: Saldo Tabungan | C8: =SUM(C6-C7) -> 100000
A11: NO | B11: TANGGAL | C11: SETORAN | D11: PENARIKAN | E11: SALDO
A12: =IF(B12<>"",ROW()-11,"") -> 1 | B12: 45852 | C12: 51000 | E12: =IF(B12<>"",C12-D12,"") -> 51000 | I12: 1
A13: =IF(B13<>"",ROW()-11,"") -> 2 | B13: 45853 | E13: =IF(B13<>"",E12+C13-D13,"") -> 51000 | I13: 2
A14: =IF(B14<>"",ROW()-11,"") -> 3 | B14: 45854 | E14: =IF(B14<>"",E13+C14-D14,"") -> 51000 | I14: 3
A15: =IF(B15<>"",ROW()-11,"") -> 4 | B15: 45855 | E15: =IF(B15<>"",E14+C15-D15,"") -> 51000 | I15: 4
A16: =IF(B16<>"",ROW()-11,"") -> 5 | B16: 45856 | E16: =IF(B16<>"",E15+C16-D16,"") -> 51000 | I16: 5
A17: =IF(B17<>"",ROW()-11,"") -> 6 | B17: 45857 | E17: =IF(B17<>"",E16+C17-D17,"") -> 51000 | I17: 6
A18: =IF(B18<>"",ROW()-11,"") -> 7 | B18: 45858 | E18: =IF(B18<>"",E17+C18-D18,"") -> 51000 | I18: 7
A19: =IF(B19<>"",ROW()-11,"") -> 8 | B19: 45859 | E19: =IF(B19<>"",E18+C19-D19,"") -> 51000 | I19: 8
A20: =IF(B20<>"",ROW()-11,"") -> 9 | B20: 45860 | E20: =IF(B20<>"",E19+C20-D20,"") -> 51000 | I20: 9
A21: =IF(B21<>"",ROW()-11,"") -> 10 | B21: 45861 | C21: 2000 | E21: =IF(B21<>"",E20+C21-D21,"") -> 53000 | I21: 10
A22: =IF(B22<>"",ROW()-11,"") -> 11 | B22: 45862 | C22: 2000 | E22: =IF(B22<>"",E21+C22-D22,"") -> 55000 | I22: 11
A23: =IF(B23<>"",ROW()-11,"") -> 12 | B23: 45863 | E23: =IF(B23<>"",E22+C23-D23,"") -> 55000 | I23: 12
A24: =IF(B24<>"",ROW()-11,"") -> 13 | B24: 45864 | E24: =IF(B24<>"",E23+C24-D24,"") -> 55000 | I24: 13
A25: =IF(B25<>"",ROW()-11,"") -> 14 | B25: 45865 | E25: =IF(B25<>"",E24+C25-D25,"") -> 55000 | I25: 14
A26: =IF(B26<>"",ROW()-11,"") -> 15 | B26: 45866 | C26: 5000 | E26: =IF(B26<>"",E25+C26-D26,"") -> 60000 | I26: 15
A27: =IF(B27<>"",ROW()-11,"") -> 16 | B27: 45867 | E27: =IF(B27<>"",E26+C27-D27,"") -> 60000 | I27: 16
A28: =IF(B28<>"",ROW()-11,"") -> 17 | B28: 45868 | C28: 5000 | E28: =IF(B28<>"",E27+C28-D28,"") -> 65000 | I28: 17
A29: =IF(B29<>"",ROW()-11,"") -> 18 | B29: 45869 | E29: =IF(B29<>"",E28+C29-D29,"") -> 65000 | I29: 18
A30: =IF(B30<>"",ROW()-11,"") -> 19 | B30: 45870 | E30: =IF(B30<>"",E29+C30-D30,"") -> 65000 | I30: 19
A31: =IF(B31<>"",ROW()-11,"") -> 20 | B31: 45871 | E31: =IF(B31<>"",E30+C31-D31,"") -> 65000 | I31: 20
A32: =IF(B32<>"",ROW()-11,"") -> 21 | B32: 45872 | E32: =IF(B32<>"",E31+C32-D32,"") -> 65000 | I32: 21
A33: =IF(B33<>"",ROW()-11,"") -> 22 | B33: 45873 | C33: 5000 | E33: =IF(B33<>"",E32+C33-D33,"") -> 70000 | I33: 22
A34: =IF(B34<>"",ROW()-11,"") -> 23 | B34: 45874 | E34: =IF(B34<>"",E33+C34-D34,"") -> 70000 | I34: 23
A35: =IF(B35<>"",ROW()-11,"") -> 24 | B35: 45875 | E35: =IF(B35<>"",E34+C35-D35,"") -> 70000 | I35: 24
A36: =IF(B36<>"",ROW()-11,"") -> 25 | B36: 45876 | E36: =IF(B36<>"",E35+C36-D36,"") -> 70000 | I36: 25
A37: =IF(B37<>"",ROW()-11,"") -> 26 | B37: 45877 | C37: 5000 | E37: =IF(B37<>"",E36+C37-D37,"") -> 75000 | I37: 26
A38: =IF(B38<>"",ROW()-11,"") -> 27 | B38: 45878 | E38: =IF(B38<>"",E37+C38-D38,"") -> 75000 | I38: 27
A39: =IF(B39<>"",ROW()-11,"") -> 28 | B39: 45879 | E39: =IF(B39<>"",E38+C39-D39,"") -> 75000 | I39: 28
A40: =IF(B40<>"",ROW()-11,"") -> 29 | B40: 45880 | E40: =IF(B40<>"",E39+C40-D40,"") -> 75000 | I40: 29
A41: =IF(B41<>"",ROW()-11,"") -> 30 | B41: 45881 | C41: 5000 | E41: =IF(B41<>"",E40+C41-D41,"") -> 80000 | I41: 30
A42: =IF(B42<>"",ROW()-11,"") -> 31 | B42: 45882 | E42: =IF(B42<>"",E41+C42-D42,"") -> 80000 | I42: 31
A43: =IF(B43<>"",ROW()-11,"") -> 32 | B43: 45883 | E43: =IF(B43<>"",E42+C43-D43,"") -> 80000 | I43: 32
A44: =IF(B44<>"",ROW()-11,"") -> 33 | B44: 45884 | E44: =IF(B44<>"",E43+C44-D44,"") -> 80000 | I44: 33
A45: =IF(B45<>"",ROW()-11,"") -> 34 | B45: 45885 | E45: =IF(B45<>"",E44+C45-D45,"") -> 80000 | I45: 34
A46: =IF(B46<>"",ROW()-11,"") -> 35 | B46: 45886 | E46: =IF(B46<>"",E45+C46-D46,"") -> 80000 | I46: 35
A47: =IF(B47<>"",ROW()-11,"") -> 36 | B47: 45887 | E47: =IF(B47<>"",E46+C47-D47,"") -> 80000 | I47: 36
A48: =IF(B48<>"",ROW()-11,"") -> 37 | B48: 45888 | E48: =IF(B48<>"",E47+C48-D48,"") -> 80000 | I48: 37
A49: =IF(B49<>"",ROW()-11,"") -> 38 | B49: 45889 | E49: =IF(B49<>"",E48+C49-D49,"") -> 80000 | I49: 38
A50: =IF(B50<>"",ROW()-11,"") -> 39 | B50: 45890 | E50: =IF(B50<>"",E49+C50-D50,"") -> 80000 | I50: 39
A51: =IF(B51<>"",ROW()-11,"") -> 40 | B51: 45891 | E51: =IF(B51<>"",E50+C51-D51,"") -> 80000 | I51: 40
A52: =IF(B52<>"",ROW()-11,"") -> 41 | B52: 45892 | E52: =IF(B52<>"",E51+C52-D52,"") -> 80000 | I52: 41
A53: =IF(B53<>"",ROW()-11,"") -> 42 | B53: 45893 | E53: =IF(B53<>"",E52+C53-D53,"") -> 80000 | I53: 42
... A57: =IF(B57<>"",ROW()-11,"") -> 46 | B57: 45897 | E57: =IF(B57<>"",E56+C57-D57,"") -> 80000 | I57: 46
A58: =IF(B58<>"",ROW()-11,"") -> 47 | B58: 45898 | C58: 2000 | E58: =IF(B58<>"",E57+C58-D58,"") -> 82000 | I58: 47
A59: =IF(B59<>"",ROW()-11,"") -> 48 | B59: 45899 | E59: =IF(B59<>"",E58+C59-D59,"") -> 82000 | I59: 48
A60: =IF(B60<>"",ROW()-11,"") -> 49 | B60: 45900 | E60: =IF(B60<>"",E59+C60-D60,"") -> 82000 | I60: 49
A61: =IF(B61<>"",ROW()-11,"") -> 50 | B61: 45901 | E61: =IF(B61<>"",E60+C61-D61,"") -> 82000 | I61: 50
A62: =IF(B62<>"",ROW()-11,"") -> 51 | B62: 45902 | E62: =IF(B62<>"",E61+C62-D62,"") -> 82000 | I62: 51
A63: =IF(B63<>"",ROW()-11,"") -> 52 | B63: 45903 | E63: =IF(B63<>"",E62+C63-D63,"") -> 82000 | I63: 52
A64: =IF(B64<>"",ROW()-11,"") -> 53 | B64: 45904 | C64: 5000 | E64: =IF(B64<>"",E63+C64-D64,"") -> 87000 | I64: 53
A65: =IF(B65<>"",ROW()-11,"") -> 54 | B65: 45905 | E65: =IF(B65<>"",E64+C65-D65,"") -> 87000 | I65: 54
A66: =IF(B66<>"",ROW()-11,"") -> 55 | B66: 45906 | E66: =IF(B66<>"",E65+C66-D66,"") -> 87000 | I66: 55
A67: =IF(B67<>"",ROW()-11,"") -> 56 | B67: 45907 | E67: =IF(B67<>"",E66+C67-D67,"") -> 87000 | I67: 56
A68: =IF(B68<>"",ROW()-11,"") -> 57 | B68: 45908 | E68: =IF(B68<>"",E67+C68-D68,"") -> 87000 | I68: 57
A69: =IF(B69<>"",ROW()-11,"") -> 58 | B69: 45909 | E69: =IF(B69<>"",E68+C69-D69,"") -> 87000 | I69: 58
A70: =IF(B70<>"",ROW()-11,"") -> 59 | B70: 45910 | E70: =IF(B70<>"",E69+C70-D70,"") -> 87000 | I70: 59
A71: =IF(B71<>"",ROW()-11,"") -> 60 | B71: 45911 | C71: 5000 | E71: =IF(B71<>"",E70+C71-D71,"") -> 92000 | I71: 60
A72: =IF(B72<>"",ROW()-11,"") -> 61 | B72: 45912 | E72: =IF(B72<>"",E71+C72-D72,"") -> 92000 | I72: 61
A73: =IF(B73<>"",ROW()-11,"") -> 62 | B73: 45913 | E73: =IF(B73<>"",E72+C73-D73,"") -> 92000 | I73: 62
A74: =IF(B74<>"",ROW()-11,"") -> 63 | B74: 45914 | E74: =IF(B74<>"",E73+C74-D74,"") -> 92000 | I74: 63
A75: =IF(B75<>"",ROW()-11,"") -> 64 | B75: 45915 | E75: =IF(B75<>"",E74+C75-D75,"") -> 92000 | I75: 64
A76: =IF(B76<>"",ROW()-11,"") -> 65 | B76: 45916 | E76: =IF(B76<>"",E75+C76-D76,"") -> 92000 | I76: 65
A77: =IF(B77<>"",ROW()-11,"") -> 66 | B77: 45917 | E77: =IF(B77<>"",E76+C77-D77,"") -> 92000 | I77: 66
A78: =IF(B78<>"",ROW()-11,"") -> 67 | B78: 45918 | E78: =IF(B78<>"",E77+C78-D78,"") -> 92000 | I78: 67
A79: =IF(B79<>"",ROW()-11,"") -> 68 | B79: 45919 | E79: =IF(B79<>"",E78+C79-D79,"") -> 92000 | I79: 68
A80: =IF(B80<>"",ROW()-11,"") -> 69 | B80: 45920 | E80: =IF(B80<>"",E79+C80-D80,"") -> 92000 | I80: 69
A81: =IF(B81<>"",ROW()-11,"") -> 70 | B81: 45921 | E81: =IF(B81<>"",E80+C81-D81,"") -> 92000 | I81: 70
A82: =IF(B82<>"",ROW()-11,"") -> 71 | B82: 45922 | E82: =IF(B82<>"",E81+C82-D82,"") -> 92000 | I82: 71
A83: =IF(B83<>"",ROW()-11,"") -> 72 | B83: 45923 | E83: =IF(B83<>"",E82+C83-D83,"") -> 92000 | I83: 72
... A91: =IF(B91<>"",ROW()-11,"") -> 80 | B91: 45931 | E91: =IF(B91<>"",E90+C91-D91,"") -> 92000 | I91: 80
A92: =IF(B92<>"",ROW()-11,"") -> 81 | B92: 45932 | C92: 3000 | E92: =IF(B92<>"",E91+C92-D92,"") -> 95000 | I92: 81
A93: =IF(B93<>"",ROW()-11,"") -> 82 | B93: 45933 | E93: =IF(B93<>"",E92+C93-D93,"") -> 95000 | I93: 82
A94: =IF(B94<>"",ROW()-11,"") -> 83 | B94: 45934 | E94: =IF(B94<>"",E93+C94-D94,"") -> 95000 | I94: 83
A95: =IF(B95<>"",ROW()-11,"") -> 84 | B95: 45935 | E95: =IF(B95<>"",E94+C95-D95,"") -> 95000 | I95: 84
A96: =IF(B96<>"",ROW()-11,"") -> 85 | B96: 45936 | E96: =IF(B96<>"",E95+C96-D96,"") -> 95000 | I96: 85
A97: =IF(B97<>"",ROW()-11,"") -> 86 | B97: 45937 | C97: 5000 | E97: =IF(B97<>"",E96+C97-D97,"") -> 100000 | I97: 86
A98: =IF(B98<>"",ROW()-11,"") -> 87 | B98: 45938 | E98: =IF(B98<>"",E97+C98-D98,"") -> 100000 | I98: 87
A99: =IF(B99<>"",ROW()-11,"") -> 88 | B99: 45939 | E99: =IF(B99<>"",E98+C99-D99,"") -> 100000 | I99: 88
A100: =IF(B100<>"",ROW()-11,"") -> 89 | B100: 45940 | E100: =IF(B100<>"",E99+C100-D100,"") -> 100000 | I100: 89
A101: =IF(B101<>"",ROW()-11,"") -> 90 | B101: 45941 | E101: =IF(B101<>"",E100+C101-D101,"") -> 100000 | I101: 90
A102: =IF(B102<>"",ROW()-11,"") -> 91 | B102: 45942 | E102: =IF(B102<>"",E101+C102-D102,"") -> 100000 | I102: 91
A103: =IF(B103<>"",ROW()-11,"") -> 92 | B103: 45943 | E103: =IF(B103<>"",E102+C103-D103,"") -> 100000 | I103: 92
A104: =IF(B104<>"",ROW()-11,"") -> 93 | B104: 45944 | E104: =IF(B104<>"",E103+C104-D104,"") -> 100000 | I104: 93
A105: =IF(B105<>"",ROW()-11,"") -> 94 | B105: 45945 | E105: =IF(B105<>"",E104+C105-D105,"") -> 100000 | I105: 94
A106: =IF(B106<>"",ROW()-11,"") -> 95 | B106: 45946 | E106: =IF(B106<>"",E105+C106-D106,"") -> 100000 | I106: 95
A107: =IF(B107<>"",ROW()-11,"") -> 96 | B107: 45947 | E107: =IF(B107<>"",E106+C107-D107,"") -> 100000 | I107: 96
A108: =IF(B108<>"",ROW()-11,"") -> 97 | B108: 45948 | E108: =IF(B108<>"",E107+C108-D108,"") -> 100000 | I108: 97
A109: =IF(B109<>"",ROW()-11,"") -> 98 | B109: 45949 | E109: =IF(B109<>"",E108+C109-D109,"") -> 100000 | I109: 98
... A376: =IF(B376<>"",ROW()-11,"") -> 365 | B376: 46216 | E376: =IF(B376<>"",E375+C376-D376,"") -> 100000 | I376: 365

Sheet 16
A1: BUKU TABUNGAN SISWA
A3: Nama | C3: =Sheet1!C24 -> MORENO RAFAEL RADITYA NANDA
A4: NIS | C4: =Sheet1!B24 -> 231001298
A5: Kelas | C5: =Sheet1!C4 -> XII - OTKP 1
A6: Jumlah Setoran | C6: =SUM(C12:C376) -> 305000
A7: Jumlah Penarikan | C7: =SUM(D12:D376) -> 0
A8: Saldo Tabungan | C8: =SUM(C6-C7) -> 305000
A11: NO | B11: TANGGAL | C11: SETORAN | D11: PENARIKAN | E11: SALDO
A12: =IF(B12<>"",ROW()-11,"") -> 1 | B12: 45852 | C12: 125000 | E12: =IF(B12<>"",C12-D12,"") -> 125000 | I12: 1
A13: =IF(B13<>"",ROW()-11,"") -> 2 | B13: 45853 | E13: =IF(B13<>"",E12+C13-D13,"") -> 125000 | I13: 2
A14: =IF(B14<>"",ROW()-11,"") -> 3 | B14: 45854 | E14: =IF(B14<>"",E13+C14-D14,"") -> 125000 | I14: 3
A15: =IF(B15<>"",ROW()-11,"") -> 4 | B15: 45855 | E15: =IF(B15<>"",E14+C15-D15,"") -> 125000 | I15: 4
A16: =IF(B16<>"",ROW()-11,"") -> 5 | B16: 45856 | E16: =IF(B16<>"",E15+C16-D16,"") -> 125000 | I16: 5
A17: =IF(B17<>"",ROW()-11,"") -> 6 | B17: 45857 | E17: =IF(B17<>"",E16+C17-D17,"") -> 125000 | I17: 6
A18: =IF(B18<>"",ROW()-11,"") -> 7 | B18: 45858 | E18: =IF(B18<>"",E17+C18-D18,"") -> 125000 | I18: 7
A19: =IF(B19<>"",ROW()-11,"") -> 8 | B19: 45859 | E19: =IF(B19<>"",E18+C19-D19,"") -> 125000 | I19: 8
A20: =IF(B20<>"",ROW()-11,"") -> 9 | B20: 45860 | C20: 5000 | E20: =IF(B20<>"",E19+C20-D20,"") -> 130000 | I20: 9
A21: =IF(B21<>"",ROW()-11,"") -> 10 | B21: 45861 | C21: 5000 | E21: =IF(B21<>"",E20+C21-D21,"") -> 135000 | I21: 10
A22: =IF(B22<>"",ROW()-11,"") -> 11 | B22: 45862 | E22: =IF(B22<>"",E21+C22-D22,"") -> 135000 | I22: 11
A23: =IF(B23<>"",ROW()-11,"") -> 12 | B23: 45863 | E23: =IF(B23<>"",E22+C23-D23,"") -> 135000 | I23: 12
A24: =IF(B24<>"",ROW()-11,"") -> 13 | B24: 45864 | E24: =IF(B24<>"",E23+C24-D24,"") -> 135000 | I24: 13
A25: =IF(B25<>"",ROW()-11,"") -> 14 | B25: 45865 | E25: =IF(B25<>"",E24+C25-D25,"") -> 135000 | I25: 14
A26: =IF(B26<>"",ROW()-11,"") -> 15 | B26: 45866 | C26: 5000 | E26: =IF(B26<>"",E25+C26-D26,"") -> 140000 | I26: 15
A27: =IF(B27<>"",ROW()-11,"") -> 16 | B27: 45867 | E27: =IF(B27<>"",E26+C27-D27,"") -> 140000 | I27: 16
A28: =IF(B28<>"",ROW()-11,"") -> 17 | B28: 45868 | C28: 5000 | E28: =IF(B28<>"",E27+C28-D28,"") -> 145000 | I28: 17
A29: =IF(B29<>"",ROW()-11,"") -> 18 | B29: 45869 | C29: 5000 | E29: =IF(B29<>"",E28+C29-D29,"") -> 150000 | I29: 18
A30: =IF(B30<>"",ROW()-11,"") -> 19 | B30: 45870 | C30: 5000 | E30: =IF(B30<>"",E29+C30-D30,"") -> 155000 | I30: 19
A31: =IF(B31<>"",ROW()-11,"") -> 20 | B31: 45871 | E31: =IF(B31<>"",E30+C31-D31,"") -> 155000 | I31: 20
A32: =IF(B32<>"",ROW()-11,"") -> 21 | B32: 45872 | E32: =IF(B32<>"",E31+C32-D32,"") -> 155000 | I32: 21
A33: =IF(B33<>"",ROW()-11,"") -> 22 | B33: 45873 | C33: 5000 | E33: =IF(B33<>"",E32+C33-D33,"") -> 160000 | I33: 22
A34: =IF(B34<>"",ROW()-11,"") -> 23 | B34: 45874 | E34: =IF(B34<>"",E33+C34-D34,"") -> 160000 | I34: 23
A35: =IF(B35<>"",ROW()-11,"") -> 24 | B35: 45875 | C35: 5000 | E35: =IF(B35<>"",E34+C35-D35,"") -> 165000 | I35: 24
A36: =IF(B36<>"",ROW()-11,"") -> 25 | B36: 45876 | C36: 5000 | E36: =IF(B36<>"",E35+C36-D36,"") -> 170000 | I36: 25
A37: =IF(B37<>"",ROW()-11,"") -> 26 | B37: 45877 | E37: =IF(B37<>"",E36+C37-D37,"") -> 170000 | I37: 26
A38: =IF(B38<>"",ROW()-11,"") -> 27 | B38: 45878 | E38: =IF(B38<>"",E37+C38-D38,"") -> 170000 | I38: 27
A39: =IF(B39<>"",ROW()-11,"") -> 28 | B39: 45879 | E39: =IF(B39<>"",E38+C39-D39,"") -> 170000 | I39: 28
A40: =IF(B40<>"",ROW()-11,"") -> 29 | B40: 45880 | C40: 5000 | E40: =IF(B40<>"",E39+C40-D40,"") -> 175000 | I40: 29
A41: =IF(B41<>"",ROW()-11,"") -> 30 | B41: 45881 | E41: =IF(B41<>"",E40+C41-D41,"") -> 175000 | I41: 30
A42: =IF(B42<>"",ROW()-11,"") -> 31 | B42: 45882 | E42: =IF(B42<>"",E41+C42-D42,"") -> 175000 | I42: 31
A43: =IF(B43<>"",ROW()-11,"") -> 32 | B43: 45883 | C43: 5000 | E43: =IF(B43<>"",E42+C43-D43,"") -> 180000 | I43: 32
A44: =IF(B44<>"",ROW()-11,"") -> 33 | B44: 45884 | E44: =IF(B44<>"",E43+C44-D44,"") -> 180000 | I44: 33
A45: =IF(B45<>"",ROW()-11,"") -> 34 | B45: 45885 | E45: =IF(B45<>"",E44+C45-D45,"") -> 180000 | I45: 34
A46: =IF(B46<>"",ROW()-11,"") -> 35 | B46: 45886 | E46: =IF(B46<>"",E45+C46-D46,"") -> 180000 | I46: 35
A47: =IF(B47<>"",ROW()-11,"") -> 36 | B47: 45887 | E47: =IF(B47<>"",E46+C47-D47,"") -> 180000 | I47: 36
A48: =IF(B48<>"",ROW()-11,"") -> 37 | B48: 45888 | C48: 15000 | E48: =IF(B48<>"",E47+C48-D48,"") -> 195000 | I48: 37
A49: =IF(B49<>"",ROW()-11,"") -> 38 | B49: 45889 | C49: 5000 | E49: =IF(B49<>"",E48+C49-D49,"") -> 200000 | I49: 38
A50: =IF(B50<>"",ROW()-11,"") -> 39 | B50: 45890 | C50: 5000 | E50: =IF(B50<>"",E49+C50-D50,"") -> 205000 | I50: 39
A51: =IF(B51<>"",ROW()-11,"") -> 40 | B51: 45891 | C51: 5000 | E51: =IF(B51<>"",E50+C51-D51,"") -> 210000 | I51: 40
A52: =IF(B52<>"",ROW()-11,"") -> 41 | B52: 45892 | E52: =IF(B52<>"",E51+C52-D52,"") -> 210000 | I52: 41
A53: =IF(B53<>"",ROW()-11,"") -> 42 | B53: 45893 | E53: =IF(B53<>"",E52+C53-D53,"") -> 210000 | I53: 42
A54: =IF(B54<>"",ROW()-11,"") -> 43 | B54: 45894 | C54: 5000 | E54: =IF(B54<>"",E53+C54-D54,"") -> 215000 | I54: 43
A55: =IF(B55<>"",ROW()-11,"") -> 44 | B55: 45895 | E55: =IF(B55<>"",E54+C55-D55,"") -> 215000 | I55: 44
A56: =IF(B56<>"",ROW()-11,"") -> 45 | B56: 45896 | E56: =IF(B56<>"",E55+C56-D56,"") -> 215000 | I56: 45
A57: =IF(B57<>"",ROW()-11,"") -> 46 | B57: 45897 | C57: 5000 | E57: =IF(B57<>"",E56+C57-D57,"") -> 220000 | I57: 46
A58: =IF(B58<>"",ROW()-11,"") -> 47 | B58: 45898 | E58: =IF(B58<>"",E57+C58-D58,"") -> 220000 | I58: 47
A59: =IF(B59<>"",ROW()-11,"") -> 48 | B59: 45899 | E59: =IF(B59<>"",E58+C59-D59,"") -> 220000 | I59: 48
A60: =IF(B60<>"",ROW()-11,"") -> 49 | B60: 45900 | E60: =IF(B60<>"",E59+C60-D60,"") -> 220000 | I60: 49
A61: =IF(B61<>"",ROW()-11,"") -> 50 | B61: 45901 | E61: =IF(B61<>"",E60+C61-D61,"") -> 220000 | I61: 50
A62: =IF(B62<>"",ROW()-11,"") -> 51 | B62: 45902 | E62: =IF(B62<>"",E61+C62-D62,"") -> 220000 | I62: 51
A63: =IF(B63<>"",ROW()-11,"") -> 52 | B63: 45903 | E63: =IF(B63<>"",E62+C63-D63,"") -> 220000 | I63: 52
A64: =IF(B64<>"",ROW()-11,"") -> 53 | B64: 45904 | C64: 5000 | E64: =IF(B64<>"",E63+C64-D64,"") -> 225000 | I64: 53
A65: =IF(B65<>"",ROW()-11,"") -> 54 | B65: 45905 | E65: =IF(B65<>"",E64+C65-D65,"") -> 225000 | I65: 54
A66: =IF(B66<>"",ROW()-11,"") -> 55 | B66: 45906 | E66: =IF(B66<>"",E65+C66-D66,"") -> 225000 | I66: 55
A67: =IF(B67<>"",ROW()-11,"") -> 56 | B67: 45907 | E67: =IF(B67<>"",E66+C67-D67,"") -> 225000 | I67: 56
A68: =IF(B68<>"",ROW()-11,"") -> 57 | B68: 45908 | C68: 5000 | E68: =IF(B68<>"",E67+C68-D68,"") -> 230000 | I68: 57
A69: =IF(B69<>"",ROW()-11,"") -> 58 | B69: 45909 | E69: =IF(B69<>"",E68+C69-D69,"") -> 230000 | I69: 58
A70: =IF(B70<>"",ROW()-11,"") -> 59 | B70: 45910 | C70: 5000 | E70: =IF(B70<>"",E69+C70-D70,"") -> 235000 | I70: 59
A71: =IF(B71<>"",ROW()-11,"") -> 60 | B71: 45911 | C71: 5000 | E71: =IF(B71<>"",E70+C71-D71,"") -> 240000 | I71: 60
A72: =IF(B72<>"",ROW()-11,"") -> 61 | B72: 45912 | E72: =IF(B72<>"",E71+C72-D72,"") -> 240000 | I72: 61
A73: =IF(B73<>"",ROW()-11,"") -> 62 | B73: 45913 | E73: =IF(B73<>"",E72+C73-D73,"") -> 240000 | I73: 62
A74: =IF(B74<>"",ROW()-11,"") -> 63 | B74: 45914 | E74: =IF(B74<>"",E73+C74-D74,"") -> 240000 | I74: 63
A75: =IF(B75<>"",ROW()-11,"") -> 64 | B75: 45915 | C75: 5000 | E75: =IF(B75<>"",E74+C75-D75,"") -> 245000 | I75: 64
A76: =IF(B76<>"",ROW()-11,"") -> 65 | B76: 45916 | E76: =IF(B76<>"",E75+C76-D76,"") -> 245000 | I76: 65
A77: =IF(B77<>"",ROW()-11,"") -> 66 | B77: 45917 | C77: 5000 | E77: =IF(B77<>"",E76+C77-D77,"") -> 250000 | I77: 66
A78: =IF(B78<>"",ROW()-11,"") -> 67 | B78: 45918 | E78: =IF(B78<>"",E77+C78-D78,"") -> 250000 | I78: 67
A79: =IF(B79<>"",ROW()-11,"") -> 68 | B79: 45919 | E79: =IF(B79<>"",E78+C79-D79,"") -> 250000 | I79: 68
A80: =IF(B80<>"",ROW()-11,"") -> 69 | B80: 45920 | E80: =IF(B80<>"",E79+C80-D80,"") -> 250000 | I80: 69
A81: =IF(B81<>"",ROW()-11,"") -> 70 | B81: 45921 | E81: =IF(B81<>"",E80+C81-D81,"") -> 250000 | I81: 70
A82: =IF(B82<>"",ROW()-11,"") -> 71 | B82: 45922 | E82: =IF(B82<>"",E81+C82-D82,"") -> 250000 | I82: 71
A83: =IF(B83<>"",ROW()-11,"") -> 72 | B83: 45923 | E83: =IF(B83<>"",E82+C83-D83,"") -> 250000 | I83: 72
A84: =IF(B84<>"",ROW()-11,"") -> 73 | B84: 45924 | E84: =IF(B84<>"",E83+C84-D84,"") -> 250000 | I84: 73
A85: =IF(B85<>"",ROW()-11,"") -> 74 | B85: 45925 | E85: =IF(B85<>"",E84+C85-D85,"") -> 250000 | I85: 74
A86: =IF(B86<>"",ROW()-11,"") -> 75 | B86: 45926 | E86: =IF(B86<>"",E85+C86-D86,"") -> 250000 | I86: 75
A87: =IF(B87<>"",ROW()-11,"") -> 76 | B87: 45927 | E87: =IF(B87<>"",E86+C87-D87,"") -> 250000 | I87: 76
A88: =IF(B88<>"",ROW()-11,"") -> 77 | B88: 45928 | E88: =IF(B88<>"",E87+C88-D88,"") -> 250000 | I88: 77
A89: =IF(B89<>"",ROW()-11,"") -> 78 | B89: 45929 | C89: 5000 | E89: =IF(B89<>"",E88+C89-D89,"") -> 255000 | I89: 78
A90: =IF(B90<>"",ROW()-11,"") -> 79 | B90: 45930 | C90: 5000 | E90: =IF(B90<>"",E89+C90-D90,"") -> 260000 | I90: 79
A91: =IF(B91<>"",ROW()-11,"") -> 80 | B91: 45931 | C91: 5000 | E91: =IF(B91<>"",E90+C91-D91,"") -> 265000 | I91: 80
A92: =IF(B92<>"",ROW()-11,"") -> 81 | B92: 45932 | C92: 5000 | E92: =IF(B92<>"",E91+C92-D92,"") -> 270000 | I92: 81
A93: =IF(B93<>"",ROW()-11,"") -> 82 | B93: 45933 | C93: 5000 | E93: =IF(B93<>"",E92+C93-D93,"") -> 275000 | I93: 82
A94: =IF(B94<>"",ROW()-11,"") -> 83 | B94: 45934 | E94: =IF(B94<>"",E93+C94-D94,"") -> 275000 | I94: 83
A95: =IF(B95<>"",ROW()-11,"") -> 84 | B95: 45935 | E95: =IF(B95<>"",E94+C95-D95,"") -> 275000 | I95: 84
A96: =IF(B96<>"",ROW()-11,"") -> 85 | B96: 45936 | E96: =IF(B96<>"",E95+C96-D96,"") -> 275000 | I96: 85
A97: =IF(B97<>"",ROW()-11,"") -> 86 | B97: 45937 | C97: 5000 | E97: =IF(B97<>"",E96+C97-D97,"") -> 280000 | I97: 86
A98: =IF(B98<>"",ROW()-11,"") -> 87 | B98: 45938 | C98: 5000 | E98: =IF(B98<>"",E97+C98-D98,"") -> 285000 | I98: 87
A99: =IF(B99<>"",ROW()-11,"") -> 88 | B99: 45939 | C99: 5000 | E99: =IF(B99<>"",E98+C99-D99,"") -> 290000 | I99: 88
A100: =IF(B100<>"",ROW()-11,"") -> 89 | B100: 45940 | C100: 5000 | E100: =IF(B100<>"",E99+C100-D100,"") -> 295000 | I100: 89
A101: =IF(B101<>"",ROW()-11,"") -> 90 | B101: 45941 | E101: =IF(B101<>"",E100+C101-D101,"") -> 295000 | I101: 90
A102: =IF(B102<>"",ROW()-11,"") -> 91 | B102: 45942 | E102: =IF(B102<>"",E101+C102-D102,"") -> 295000 | I102: 91
A103: =IF(B103<>"",ROW()-11,"") -> 92 | B103: 45943 | C103: 5000 | E103: =IF(B103<>"",E102+C103-D103,"") -> 300000 | I103: 92
...

Sheet 17
A1: BUKU TABUNGAN SISWA
A3: Nama | C3: =Sheet1!C25 -> MUHAMAD ABYANSAH
A4: NIS | C4: =Sheet1!B25 -> 231001408
A5: Kelas | C5: =Sheet1!C4 -> XII - OTKP 1
A6: Jumlah Setoran | C6: =SUM(C12:C376) -> 80000
A7: Jumlah Penarikan | C7: =SUM(D12:D376) -> 0
A8: Saldo Tabungan | C8: =SUM(C6-C7) -> 80000
A11: NO | B11: TANGGAL | C11: SETORAN | D11: PENARIKAN | E11: SALDO
A12: =IF(B12<>"",ROW()-11,"") -> 1 | B12: 45852 | C12: 39000 | E12: =IF(B12<>"",C12-D12,"") -> 39000 | I12: 1
A13: =IF(B13<>"",ROW()-11,"") -> 2 | B13: 45853 | E13: =IF(B13<>"",E12+C13-D13,"") -> 39000 | I13: 2
A14: =IF(B14<>"",ROW()-11,"") -> 3 | B14: 45854 | E14: =IF(B14<>"",E13+C14-D14,"") -> 39000 | I14: 3
A15: =IF(B15<>"",ROW()-11,"") -> 4 | B15: 45855 | E15: =IF(B15<>"",E14+C15-D15,"") -> 39000 | I15: 4
A16: =IF(B16<>"",ROW()-11,"") -> 5 | B16: 45856 | E16: =IF(B16<>"",E15+C16-D16,"") -> 39000 | I16: 5
A17: =IF(B17<>"",ROW()-11,"") -> 6 | B17: 45857 | E17: =IF(B17<>"",E16+C17-D17,"") -> 39000 | I17: 6
A18: =IF(B18<>"",ROW()-11,"") -> 7 | B18: 45858 | E18: =IF(B18<>"",E17+C18-D18,"") -> 39000 | I18: 7
A19: =IF(B19<>"",ROW()-11,"") -> 8 | B19: 45859 | E19: =IF(B19<>"",E18+C19-D19,"") -> 39000 | I19: 8
A20: =IF(B20<>"",ROW()-11,"") -> 9 | B20: 45860 | C20: 2000 | E20: =IF(B20<>"",E19+C20-D20,"") -> 41000 | I20: 9
A21: =IF(B21<>"",ROW()-11,"") -> 10 | B21: 45861 | C21: 2000 | E21: =IF(B21<>"",E20+C21-D21,"") -> 43000 | I21: 10
A22: =IF(B22<>"",ROW()-11,"") -> 11 | B22: 45862 | C22: 2000 | E22: =IF(B22<>"",E21+C22-D22,"") -> 45000 | I22: 11
A23: =IF(B23<>"",ROW()-11,"") -> 12 | B23: 45863 | E23: =IF(B23<>"",E22+C23-D23,"") -> 45000 | I23: 12
A24: =IF(B24<>"",ROW()-11,"") -> 13 | B24: 45864 | E24: =IF(B24<>"",E23+C24-D24,"") -> 45000 | I24: 13
A25: =IF(B25<>"",ROW()-11,"") -> 14 | B25: 45865 | C25: 2000 | E25: =IF(B25<>"",E24+C25-D25,"") -> 47000 | I25: 14
A26: =IF(B26<>"",ROW()-11,"") -> 15 | B26: 45866 | C26: 2000 | E26: =IF(B26<>"",E25+C26-D26,"") -> 49000 | I26: 15
A27: =IF(B27<>"",ROW()-11,"") -> 16 | B27: 45867 | E27: =IF(B27<>"",E26+C27-D27,"") -> 49000 | I27: 16
A28: =IF(B28<>"",ROW()-11,"") -> 17 | B28: 45868 | C28: 2000 | E28: =IF(B28<>"",E27+C28-D28,"") -> 51000 | I28: 17
A29: =IF(B29<>"",ROW()-11,"") -> 18 | B29: 45869 | C29: 2000 | E29: =IF(B29<>"",E28+C29-D29,"") -> 53000 | I29: 18
A30: =IF(B30<>"",ROW()-11,"") -> 19 | B30: 45870 | C30: 2000 | E30: =IF(B30<>"",E29+C30-D30,"") -> 55000 | I30: 19
A31: =IF(B31<>"",ROW()-11,"") -> 20 | B31: 45871 | E31: =IF(B31<>"",E30+C31-D31,"") -> 55000 | I31: 20
A32: =IF(B32<>"",ROW()-11,"") -> 21 | B32: 45872 | E32: =IF(B32<>"",E31+C32-D32,"") -> 55000 | I32: 21
A33: =IF(B33<>"",ROW()-11,"") -> 22 | B33: 45873 | C33: 2000 | E33: =IF(B33<>"",E32+C33-D33,"") -> 57000 | I33: 22
A34: =IF(B34<>"",ROW()-11,"") -> 23 | B34: 45874 | C34: 2000 | E34: =IF(B34<>"",E33+C34-D34,"") -> 59000 | I34: 23
A35: =IF(B35<>"",ROW()-11,"") -> 24 | B35: 45875 | C35: 2000 | E35: =IF(B35<>"",E34+C35-D35,"") -> 61000 | I35: 24
A36: =IF(B36<>"",ROW()-11,"") -> 25 | B36: 45876 | C36: 2000 | E36: =IF(B36<>"",E35+C36-D36,"") -> 63000 | I36: 25
A37: =IF(B37<>"",ROW()-11,"") -> 26 | B37: 45877 | C37: 2000 | E37: =IF(B37<>"",E36+C37-D37,"") -> 65000 | I37: 26
A38: =IF(B38<>"",ROW()-11,"") -> 27 | B38: 45878 | E38: =IF(B38<>"",E37+C38-D38,"") -> 65000 | I38: 27
A39: =IF(B39<>"",ROW()-11,"") -> 28 | B39: 45879 | E39: =IF(B39<>"",E38+C39-D39,"") -> 65000 | I39: 28
A40: =IF(B40<>"",ROW()-11,"") -> 29 | B40: 45880 | E40: =IF(B40<>"",E39+C40-D40,"") -> 65000 | I40: 29
A41: =IF(B41<>"",ROW()-11,"") -> 30 | B41: 45881 | E41: =IF(B41<>"",E40+C41-D41,"") -> 65000 | I41: 30
A42: =IF(B42<>"",ROW()-11,"") -> 31 | B42: 45882 | E42: =IF(B42<>"",E41+C42-D42,"") -> 65000 | I42: 31
A43: =IF(B43<>"",ROW()-11,"") -> 32 | B43: 45883 | E43: =IF(B43<>"",E42+C43-D43,"") -> 65000 | I43: 32
A44: =IF(B44<>"",ROW()-11,"") -> 33 | B44: 45884 | E44: =IF(B44<>"",E43+C44-D44,"") -> 65000 | I44: 33
A45: =IF(B45<>"",ROW()-11,"") -> 34 | B45: 45885 | E45: =IF(B45<>"",E44+C45-D45,"") -> 65000 | I45: 34
A46: =IF(B46<>"",ROW()-11,"") -> 35 | B46: 45886 | E46: =IF(B46<>"",E45+C46-D46,"") -> 65000 | I46: 35
A47: =IF(B47<>"",ROW()-11,"") -> 36 | B47: 45887 | E47: =IF(B47<>"",E46+C47-D47,"") -> 65000 | I47: 36
A48: =IF(B48<>"",ROW()-11,"") -> 37 | B48: 45888 | E48: =IF(B48<>"",E47+C48-D48,"") -> 65000 | I48: 37
A49: =IF(B49<>"",ROW()-11,"") -> 38 | B49: 45889 | E49: =IF(B49<>"",E48+C49-D49,"") -> 65000 | I49: 38
... A68: =IF(B68<>"",ROW()-11,"") -> 57 | B68: 45908 | E68: =IF(B68<>"",E67+C68-D68,"") -> 65000 | I68: 57
A69: =IF(B69<>"",ROW()-11,"") -> 58 | B69: 45909 | C69: 2000 | E69: =IF(B69<>"",E68+C69-D69,"") -> 67000 | I69: 58
A70: =IF(B70<>"",ROW()-11,"") -> 59 | B70: 45910 | E70: =IF(B70<>"",E69+C70-D70,"") -> 67000 | I70: 59
A71: =IF(B71<>"",ROW()-11,"") -> 60 | B71: 45911 | C71: 2000 | E71: =IF(B71<>"",E70+C71-D71,"") -> 69000 | I71: 60
A72: =IF(B72<>"",ROW()-11,"") -> 61 | B72: 45912 | E72: =IF(B72<>"",E71+C72-D72,"") -> 69000 | I72: 61
A73: =IF(B73<>"",ROW()-11,"") -> 62 | B73: 45913 | E73: =IF(B73<>"",E72+C73-D73,"") -> 69000 | I73: 62
A74: =IF(B74<>"",ROW()-11,"") -> 63 | B74: 45914 | E74: =IF(B74<>"",E73+C74-D74,"") -> 69000 | I74: 63
A75: =IF(B75<>"",ROW()-11,"") -> 64 | B75: 45915 | C75: 2000 | E75: =IF(B75<>"",E74+C75-D75,"") -> 71000 | I75: 64
A76: =IF(B76<>"",ROW()-11,"") -> 65 | B76: 45916 | E76: =IF(B76<>"",E75+C76-D76,"") -> 71000 | I76: 65
A77: =IF(B77<>"",ROW()-11,"") -> 66 | B77: 45917 | E77: =IF(B77<>"",E76+C77-D77,"") -> 71000 | I77: 66
A78: =IF(B78<>"",ROW()-11,"") -> 67 | B78: 45918 | E78: =IF(B78<>"",E77+C78-D78,"") -> 71000 | I78: 67
A79: =IF(B79<>"",ROW()-11,"") -> 68 | B79: 45919 | E79: =IF(B79<>"",E78+C79-D79,"") -> 71000 | I79: 68
A80: =IF(B80<>"",ROW()-11,"") -> 69 | B80: 45920 | E80: =IF(B80<>"",E79+C80-D80,"") -> 71000 | I80: 69
A81: =IF(B81<>"",ROW()-11,"") -> 70 | B81: 45921 | E81: =IF(B81<>"",E80+C81-D81,"") -> 71000 | I81: 70
A82: =IF(B82<>"",ROW()-11,"") -> 71 | B82: 45922 | E82: =IF(B82<>"",E81+C82-D82,"") -> 71000 | I82: 71
A83: =IF(B83<>"",ROW()-11,"") -> 72 | B83: 45923 | E83: =IF(B83<>"",E82+C83-D83,"") -> 71000 | I83: 72
A84: =IF(B84<>"",ROW()-11,"") -> 73 | B84: 45924 | E84: =IF(B84<>"",E83+C84-D84,"") -> 71000 | I84: 73
A85: =IF(B85<>"",ROW()-11,"") -> 74 | B85: 45925 | E85: =IF(B85<>"",E84+C85-D85,"") -> 71000 | I85: 74
A86: =IF(B86<>"",ROW()-11,"") -> 75 | B86: 45926 | E86: =IF(B86<>"",E85+C86-D86,"") -> 71000 | I86: 75
A87: =IF(B87<>"",ROW()-11,"") -> 76 | B87: 45927 | E87: =IF(B87<>"",E86+C87-D87,"") -> 71000 | I87: 76
... A98: =IF(B98<>"",ROW()-11,"") -> 87 | B98: 45938 | E98: =IF(B98<>"",E97+C98-D98,"") -> 71000 | I98: 87
A99: =IF(B99<>"",ROW()-11,"") -> 88 | B99: 45939 | C99: 5000 | E99: =IF(B99<>"",E98+C99-D99,"") -> 76000 | I99: 88
A100: =IF(B100<>"",ROW()-11,"") -> 89 | B100: 45940 | C100: 2000 | E100: =IF(B100<>"",E99+C100-D100,"") -> 78000 | I100: 89
A101: =IF(B101<>"",ROW()-11,"") -> 90 | B101: 45941 | E101: =IF(B101<>"",E100+C101-D101,"") -> 78000 | I101: 90
A102: =IF(B102<>"",ROW()-11,"") -> 91 | B102: 45942 | E102: =IF(B102<>"",E101+C102-D102,"") -> 78000 | I102: 91
A103: =IF(B103<>"",ROW()-11,"") -> 92 | B103: 45943 | E103: =IF(B103<>"",E102+C103-D103,"") -> 78000 | I103: 92
A104: =IF(B104<>"",ROW()-11,"") -> 93 | B104: 45944 | C104: 2000 | E104: =IF(B104<>"",E103+C104-D104,"") -> 80000 | I104: 93
A105: =IF(B105<>"",ROW()-11,"") -> 94 | B105: 45945 | E105: =IF(B105<>"",E104+C105-D105,"") -> 80000 | I105: 94
A106: =IF(B106<>"",ROW()-11,"") -> 95 | B106: 45946 | E106: =IF(B106<>"",E105+C106-D106,"") -> 80000 | I106: 95
A107: =IF(B107<>"",ROW()-11,"") -> 96 | B107: 45947 | E107: =IF(B107<>"",E106+C107-D107,"") -> 80000 | I107: 96
A108: =IF(B108<>"",ROW()-11,"") -> 97 | B108: 45948 | E108: =IF(B108<>"",E107+C108-D108,"") -> 80000 | I108: 97
A109: =IF(B109<>"",ROW()-11,"") -> 98 | B109: 45949 | E109: =IF(B109<>"",E108+C109-D109,"") -> 80000 | I109: 98
A110: =IF(B110<>"",ROW()-11,"") -> 99 | B110: 45950 | E110: =IF(B110<>"",E109+C110-D110,"") -> 80000 | I110: 99
A111: =IF(B111<>"",ROW()-11,"") -> 100 | B111: 45951 | E111: =IF(B111<>"",E110+C111-D111,"") -> 80000 | I111: 100
A112: =IF(B112<>"",ROW()-11,"") -> 101 | B112: 45952 | E112: =IF(B112<>"",E111+C112-D112,"") -> 80000 | I112: 101
A113: =IF(B113<>"",ROW()-11,"") -> 102 | B113: 45953 | E113: =IF(B113<>"",E112+C113-D113,"") -> 80000 | I113: 102
A114: =IF(B114<>"",ROW()-11,"") -> 103 | B114: 45954 | E114: =IF(B114<>"",E113+C114-D114,"") -> 80000 | I114: 103
A115: =IF(B115<>"",ROW()-11,"") -> 104 | B115: 45955 | E115: =IF(B115<>"",E114+C115-D115,"") -> 80000 | I115: 104
A116: =IF(B116<>"",ROW()-11,"") -> 105 | B116: 45956 | E116: =IF(B116<>"",E115+C116-D116,"") -> 80000 | I116: 105
... A376: =IF(B376<>"",ROW()-11,"") -> 365 | B376: 46216 | E376: =IF(B376<>"",E375+C376-D376,"") -> 80000 | I376: 365

Sheet 18
A1: BUKU TABUNGAN SISWA
A3: Nama | C3: =Sheet1!C26 -> MUHAMAD RASYA
A4: NIS | C4: =Sheet1!B26 -> 231001413
A5: Kelas | C5: =Sheet1!C4 -> XII - OTKP 1
A6: Jumlah Setoran | C6: =SUM(C12:C376) -> 66000
A7: Jumlah Penarikan | C7: =SUM(D12:D376) -> 50000
A8: Saldo Tabungan | C8: =SUM(C6-C7) -> 16000
A11: NO | B11: TANGGAL | C11: SETORAN | D11: PENARIKAN | E11: SALDO
A12: =IF(B12<>"",ROW()-11,"") -> 1 | B12: 45852 | C12: 59000 | E12: =IF(B12<>"",C12-D12,"") -> 59000 | I12: 1
A13: =IF(B13<>"",ROW()-11,"") -> 2 | B13: 45853 | E13: =IF(B13<>"",E12+C13-D13,"") -> 59000 | I13: 2
A14: =IF(B14<>"",ROW()-11,"") -> 3 | B14: 45854 | E14: =IF(B14<>"",E13+C14-D14,"") -> 59000 | I14: 3
A15: =IF(B15<>"",ROW()-11,"") -> 4 | B15: 45855 | E15: =IF(B15<>"",E14+C15-D15,"") -> 59000 | I15: 4
A16: =IF(B16<>"",ROW()-11,"") -> 5 | B16: 45856 | E16: =IF(B16<>"",E15+C16-D16,"") -> 59000 | I16: 5
A17: =IF(B17<>"",ROW()-11,"") -> 6 | B17: 45857 | E17: =IF(B17<>"",E16+C17-D17,"") -> 59000 | I17: 6
A18: =IF(B18<>"",ROW()-11,"") -> 7 | B18: 45858 | E18: =IF(B18<>"",E17+C18-D18,"") -> 59000 | I18: 7
A19: =IF(B19<>"",ROW()-11,"") -> 8 | B19: 45859 | E19: =IF(B19<>"",E18+C19-D19,"") -> 59000 | I19: 8
A20: =IF(B20<>"",ROW()-11,"") -> 9 | B20: 45860 | E20: =IF(B20<>"",E19+C20-D20,"") -> 59000 | I20: 9
A21: =IF(B21<>"",ROW()-11,"") -> 10 | B21: 45861 | E21: =IF(B21<>"",E20+C21-D21,"") -> 59000 | I21: 10
A22: =IF(B22<>"",ROW()-11,"") -> 11 | B22: 45862 | E22: =IF(B22<>"",E21+C22-D22,"") -> 59000 | I22: 11
A23: =IF(B23<>"",ROW()-11,"") -> 12 | B23: 45863 | E23: =IF(B23<>"",E22+C23-D23,"") -> 59000 | I23: 12
A24: =IF(B24<>"",ROW()-11,"") -> 13 | B24: 45864 | E24: =IF(B24<>"",E23+C24-D24,"") -> 59000 | I24: 13
... A32: =IF(B32<>"",ROW()-11,"") -> 21 | B32: 45872 | E32: =IF(B32<>"",E31+C32-D32,"") -> 59000 | I32: 21
A33: =IF(B33<>"",ROW()-11,"") -> 22 | B33: 45873 | C33: 5000 | E33: =IF(B33<>"",E32+C33-D33,"") -> 64000 | I33: 22
A34: =IF(B34<>"",ROW()-11,"") -> 23 | B34: 45874 | E34: =IF(B34<>"",E33+C34-D34,"") -> 64000 | I34: 23
A35: =IF(B35<>"",ROW()-11,"") -> 24 | B35: 45875 | E35: =IF(B35<>"",E34+C35-D35,"") -> 64000 | I35: 24
A36: =IF(B36<>"",ROW()-11,"") -> 25 | B36: 45876 | E36: =IF(B36<>"",E35+C36-D36,"") -> 64000 | I36: 25
A37: =IF(B37<>"",ROW()-11,"") -> 26 | B37: 45877 | E37: =IF(B37<>"",E36+C37-D37,"") -> 64000 | I37: 26
A38: =IF(B38<>"",ROW()-11,"") -> 27 | B38: 45878 | E38: =IF(B38<>"",E37+C38-D38,"") -> 64000 | I38: 27
A39: =IF(B39<>"",ROW()-11,"") -> 28 | B39: 45879 | E39: =IF(B39<>"",E38+C39-D39,"") -> 64000 | I39: 28
A40: =IF(B40<>"",ROW()-11,"") -> 29 | B40: 45880 | E40: =IF(B40<>"",E39+C40-D40,"") -> 64000 | I40: 29
A41: =IF(B41<>"",ROW()-11,"") -> 30 | B41: 45881 | E41: =IF(B41<>"",E40+C41-D41,"") -> 64000 | I41: 30
A42: =IF(B42<>"",ROW()-11,"") -> 31 | B42: 45882 | E42: =IF(B42<>"",E41+C42-D42,"") -> 64000 | I42: 31
A43: =IF(B43<>"",ROW()-11,"") -> 32 | B43: 45883 | E43: =IF(B43<>"",E42+C43-D43,"") -> 64000 | I43: 32
A44: =IF(B44<>"",ROW()-11,"") -> 33 | B44: 45884 | E44: =IF(B44<>"",E43+C44-D44,"") -> 64000 | I44: 33
A45: =IF(B45<>"",ROW()-11,"") -> 34 | B45: 45885 | E45: =IF(B45<>"",E44+C45-D45,"") -> 64000 | I45: 34
... A68: =IF(B68<>"",ROW()-11,"") -> 57 | B68: 45908 | E68: =IF(B68<>"",E67+C68-D68,"") -> 64000 | I68: 57
A69: =IF(B69<>"",ROW()-11,"") -> 58 | B69: 45909 | C69: 2000 | E69: =IF(B69<>"",E68+C69-D69,"") -> 66000 | I69: 58
A70: =IF(B70<>"",ROW()-11,"") -> 59 | B70: 45910 | E70: =IF(B70<>"",E69+C70-D70,"") -> 66000 | I70: 59
A71: =IF(B71<>"",ROW()-11,"") -> 60 | B71: 45911 | E71: =IF(B71<>"",E70+C71-D71,"") -> 66000 | I71: 60
A72: =IF(B72<>"",ROW()-11,"") -> 61 | B72: 45912 | E72: =IF(B72<>"",E71+C72-D72,"") -> 66000 | I72: 61
A73: =IF(B73<>"",ROW()-11,"") -> 62 | B73: 45913 | E73: =IF(B73<>"",E72+C73-D73,"") -> 66000 | I73: 62
A74: =IF(B74<>"",ROW()-11,"") -> 63 | B74: 45914 | E74: =IF(B74<>"",E73+C74-D74,"") -> 66000 | I74: 63
A75: =IF(B75<>"",ROW()-11,"") -> 64 | B75: 45915 | E75: =IF(B75<>"",E74+C75-D75,"") -> 66000 | I75: 64
A76: =IF(B76<>"",ROW()-11,"") -> 65 | B76: 45916 | E76: =IF(B76<>"",E75+C76-D76,"") -> 66000 | I76: 65
A77: =IF(B77<>"",ROW()-11,"") -> 66 | B77: 45917 | E77: =IF(B77<>"",E76+C77-D77,"") -> 66000 | I77: 66
A78: =IF(B78<>"",ROW()-11,"") -> 67 | B78: 45918 | E78: =IF(B78<>"",E77+C78-D78,"") -> 66000 | I78: 67
A79: =IF(B79<>"",ROW()-11,"") -> 68 | B79: 45919 | D79: 50000 | E79: =IF(B79<>"",E78+C79-D79,"") -> 16000 | I79: 68
A80: =IF(B80<>"",ROW()-11,"") -> 69 | B80: 45920 | E80: =IF(B80<>"",E79+C80-D80,"") -> 16000 | I80: 69
A81: =IF(B81<>"",ROW()-11,"") -> 70 | B81: 45921 | E81: =IF(B81<>"",E80+C81-D81,"") -> 16000 | I81: 70
A82: =IF(B82<>"",ROW()-11,"") -> 71 | B82: 45922 | E82: =IF(B82<>"",E81+C82-D82,"") -> 16000 | I82: 71
A83: =IF(B83<>"",ROW()-11,"") -> 72 | B83: 45923 | E83: =IF(B83<>"",E82+C83-D83,"") -> 16000 | I83: 72
A84: =IF(B84<>"",ROW()-11,"") -> 73 | B84: 45924 | E84: =IF(B84<>"",E83+C84-D84,"") -> 16000 | I84: 73
A85: =IF(B85<>"",ROW()-11,"") -> 74 | B85: 45925 | E85: =IF(B85<>"",E84+C85-D85,"") -> 16000 | I85: 74
A86: =IF(B86<>"",ROW()-11,"") -> 75 | B86: 45926 | E86: =IF(B86<>"",E85+C86-D86,"") -> 16000 | I86: 75
A87: =IF(B87<>"",ROW()-11,"") -> 76 | B87: 45927 | E87: =IF(B87<>"",E86+C87-D87,"") -> 16000 | I87: 76
A88: =IF(B88<>"",ROW()-11,"") -> 77 | B88: 45928 | E88: =IF(B88<>"",E87+C88-D88,"") -> 16000 | I88: 77
A89: =IF(B89<>"",ROW()-11,"") -> 78 | B89: 45929 | E89: =IF(B89<>"",E88+C89-D89,"") -> 16000 | I89: 78
A90: =IF(B90<>"",ROW()-11,"") -> 79 | B90: 45930 | E90: =IF(B90<>"",E89+C90-D90,"") -> 16000 | I90: 79
A91: =IF(B91<>"",ROW()-11,"") -> 80 | B91: 45931 | E91: =IF(B91<>"",E90+C91-D91,"") -> 16000 | I91: 80
... A376: =IF(B376<>"",ROW()-11,"") -> 365 | B376: 46216 | E376: =IF(B376<>"",E375+C376-D376,"") -> 16000 | I376: 365

Sheet 19
A1: BUKU TABUNGAN SISWA
A3: Nama | C3: =Sheet1!C27 -> MUHAMAD TIRTA YASA
A4: NIS | C4: =Sheet1!B27 -> 231001301
A5: Kelas | C5: =Sheet1!C4 -> XII - OTKP 1
A6: Jumlah Setoran | C6: =SUM(C12:C376) -> 57000
A7: Jumlah Penarikan | C7: =SUM(D12:D376) -> 0
A8: Saldo Tabungan | C8: =SUM(C6-C7) -> 57000
A11: NO | B11: TANGGAL | C11: SETORAN | D11: PENARIKAN | E11: SALDO
A12: =IF(B12<>"",ROW()-11,"") -> 1 | B12: 45852 | C12: 43000 | E12: =IF(B12<>"",C12-D12,"") -> 43000 | I12: 1
A13: =IF(B13<>"",ROW()-11,"") -> 2 | B13: 45853 | E13: =IF(B13<>"",E12+C13-D13,"") -> 43000 | I13: 2
A14: =IF(B14<>"",ROW()-11,"") -> 3 | B14: 45854 | E14: =IF(B14<>"",E13+C14-D14,"") -> 43000 | I14: 3
A15: =IF(B15<>"",ROW()-11,"") -> 4 | B15: 45855 | E15: =IF(B15<>"",E14+C15-D15,"") -> 43000 | I15: 4
A16: =IF(B16<>"",ROW()-11,"") -> 5 | B16: 45856 | E16: =IF(B16<>"",E15+C16-D16,"") -> 43000 | I16: 5
A17: =IF(B17<>"",ROW()-11,"") -> 6 | B17: 45857 | E17: =IF(B17<>"",E16+C17-D17,"") -> 43000 | I17: 6
A18: =IF(B18<>"",ROW()-11,"") -> 7 | B18: 45858 | E18: =IF(B18<>"",E17+C18-D18,"") -> 43000 | I18: 7
A19: =IF(B19<>"",ROW()-11,"") -> 8 | B19: 45859 | E19: =IF(B19<>"",E18+C19-D19,"") -> 43000 | I19: 8
A20: =IF(B20<>"",ROW()-11,"") -> 9 | B20: 45860 | C20: 2000 | E20: =IF(B20<>"",E19+C20-D20,"") -> 45000 | I20: 9
A21: =IF(B21<>"",ROW()-11,"") -> 10 | B21: 45861 | C21: 2000 | E21: =IF(B21<>"",E20+C21-D21,"") -> 47000 | I21: 10
A22: =IF(B22<>"",ROW()-11,"") -> 11 | B22: 45862 | C22: 2000 | E22: =IF(B22<>"",E21+C22-D22,"") -> 49000 | I22: 11
A23: =IF(B23<>"",ROW()-11,"") -> 12 | B23: 45863 | E23: =IF(B23<>"",E22+C23-D23,"") -> 49000 | I23: 12
A24: =IF(B24<>"",ROW()-11,"") -> 13 | B24: 45864 | E24: =IF(B24<>"",E23+C24-D24,"") -> 49000 | I24: 13
A25: =IF(B25<>"",ROW()-11,"") -> 14 | B25: 45865 | E25: =IF(B25<>"",E24+C25-D25,"") -> 49000 | I25: 14
A26: =IF(B26<>"",ROW()-11,"") -> 15 | B26: 45866 | C26: 2000 | E26: =IF(B26<>"",E25+C26-D26,"") -> 51000 | I26: 15
A27: =IF(B27<>"",ROW()-11,"") -> 16 | B27: 45867 | C27: 2000 | E27: =IF(B27<>"",E26+C27-D27,"") -> 53000 | I27: 16
A28: =IF(B28<>"",ROW()-11,"") -> 17 | B28: 45868 | C28: 2000 | E28: =IF(B28<>"",E27+C28-D28,"") -> 55000 | I28: 17
A29: =IF(B29<>"",ROW()-11,"") -> 18 | B29: 45869 | E29: =IF(B29<>"",E28+C29-D29,"") -> 55000 | I29: 18
A30: =IF(B30<>"",ROW()-11,"") -> 19 | B30: 45870 | E30: =IF(B30<>"",E29+C30-D30,"") -> 55000 | I30: 19
A31: =IF(B31<>"",ROW()-11,"") -> 20 | B31: 45871 | E31: =IF(B31<>"",E30+C31-D31,"") -> 55000 | I31: 20
A32: =IF(B32<>"",ROW()-11,"") -> 21 | B32: 45872 | E32: =IF(B32<>"",E31+C32-D32,"") -> 55000 | I32: 21
A33: =IF(B33<>"",ROW()-11,"") -> 22 | B33: 45873 | C33: 2000 | E33: =IF(B33<>"",E32+C33-D33,"") -> 57000 | I33: 22
A34: =IF(B34<>"",ROW()-11,"") -> 23 | B34: 45874 | E34: =IF(B34<>"",E33+C34-D34,"") -> 57000 | I34: 23
A35: =IF(B35<>"",ROW()-11,"") -> 24 | B35: 45875 | E35: =IF(B35<>"",E34+C35-D35,"") -> 57000 | I35: 24
A36: =IF(B36<>"",ROW()-11,"") -> 25 | B36: 45876 | E36: =IF(B36<>"",E35+C36-D36,"") -> 57000 | I36: 25
A37: =IF(B37<>"",ROW()-11,"") -> 26 | B37: 45877 | E37: =IF(B37<>"",E36+C37-D37,"") -> 57000 | I37: 26
A38: =IF(B38<>"",ROW()-11,"") -> 27 | B38: 45878 | E38: =IF(B38<>"",E37+C38-D38,"") -> 57000 | I38: 27
A39: =IF(B39<>"",ROW()-11,"") -> 28 | B39: 45879 | E39: =IF(B39<>"",E38+C39-D39,"") -> 57000 | I39: 28
A40: =IF(B40<>"",ROW()-11,"") -> 29 | B40: 45880 | E40: =IF(B40<>"",E39+C40-D40,"") -> 57000 | I40: 29
A41: =IF(B41<>"",ROW()-11,"") -> 30 | B41: 45881 | E41: =IF(B41<>"",E40+C41-D41,"") -> 57000 | I41: 30
A42: =IF(B42<>"",ROW()-11,"") -> 31 | B42: 45882 | E42: =IF(B42<>"",E41+C42-D42,"") -> 57000 | I42: 31
A43: =IF(B43<>"",ROW()-11,"") -> 32 | B43: 45883 | E43: =IF(B43<>"",E42+C43-D43,"") -> 57000 | I43: 32
A44: =IF(B44<>"",ROW()-11,"") -> 33 | B44: 45884 | E44: =IF(B44<>"",E43+C44-D44,"") -> 57000 | I44: 33
A45: =IF(B45<>"",ROW()-11,"") -> 34 | B45: 45885 | E45: =IF(B45<>"",E44+C45-D45,"") -> 57000 | I45: 34
... A376: =IF(B376<>"",ROW()-11,"") -> 365 | B376: 46216 | E376: =IF(B376<>"",E375+C376-D376,"") -> 57000 | I376: 365

Sheet 20
A1: BUKU TABUNGAN SISWA
A3: Nama | C3: =Sheet1!C28 -> MUTIA SULISTIAWATI
A4: NIS | C4: =Sheet1!B28 -> 231001303
A5: Kelas | C5: =Sheet1!C4 -> XII - OTKP 1
A6: Jumlah Setoran | C6: =SUM(C12:C376) -> 205000
A7: Jumlah Penarikan | C7: =SUM(D12:D376) -> 0
A8: Saldo Tabungan | C8: =SUM(C6-C7) -> 205000
A11: NO | B11: TANGGAL | C11: SETORAN | D11: PENARIKAN | E11: SALDO
A12: =IF(B12<>"",ROW()-11,"") -> 1 | B12: 45852 | C12: 117000 | E12: =IF(B12<>"",C12-D12,"") -> 117000 | I12: 1
A13: =IF(B13<>"",ROW()-11,"") -> 2 | B13: 45853 | E13: =IF(B13<>"",E12+C13-D13,"") -> 117000 | I13: 2
A14: =IF(B14<>"",ROW()-11,"") -> 3 | B14: 45854 | E14: =IF(B14<>"",E13+C14-D14,"") -> 117000 | I14: 3
A15: =IF(B15<>"",ROW()-11,"") -> 4 | B15: 45855 | E15: =IF(B15<>"",E14+C15-D15,"") -> 117000 | I15: 4
A16: =IF(B16<>"",ROW()-11,"") -> 5 | B16: 45856 | E16: =IF(B16<>"",E15+C16-D16,"") -> 117000 | I16: 5
A17: =IF(B17<>"",ROW()-11,"") -> 6 | B17: 45857 | E17: =IF(B17<>"",E16+C17-D17,"") -> 117000 | I17: 6
A18: =IF(B18<>"",ROW()-11,"") -> 7 | B18: 45858 | E18: =IF(B18<>"",E17+C18-D18,"") -> 117000 | I18: 7
A19: =IF(B19<>"",ROW()-11,"") -> 8 | B19: 45859 | E19: =IF(B19<>"",E18+C19-D19,"") -> 117000 | I19: 8
A20: =IF(B20<>"",ROW()-11,"") -> 9 | B20: 45860 | C20: 5000 | E20: =IF(B20<>"",E19+C20-D20,"") -> 122000 | I20: 9
A21: =IF(B21<>"",ROW()-11,"") -> 10 | B21: 45861 | C21: 5000 | E21: =IF(B21<>"",E20+C21-D21,"") -> 127000 | I21: 10
A22: =IF(B22<>"",ROW()-11,"") -> 11 | B22: 45862 | C22: 5000 | E22: =IF(B22<>"",E21+C22-D22,"") -> 132000 | I22: 11
A23: =IF(B23<>"",ROW()-11,"") -> 12 | B23: 45863 | E23: =IF(B23<>"",E22+C23-D23,"") -> 132000 | I23: 12
A24: =IF(B24<>"",ROW()-11,"") -> 13 | B24: 45864 | E24: =IF(B24<>"",E23+C24-D24,"") -> 132000 | I24: 13
A25: =IF(B25<>"",ROW()-11,"") -> 14 | B25: 45865 | E25: =IF(B25<>"",E24+C25-D25,"") -> 132000 | I25: 14
A26: =IF(B26<>"",ROW()-11,"") -> 15 | B26: 45866 | E26: =IF(B26<>"",E25+C26-D26,"") -> 132000 | I26: 15
A27: =IF(B27<>"",ROW()-11,"") -> 16 | B27: 45867 | E27: =IF(B27<>"",E26+C27-D27,"") -> 132000 | I27: 16
A28: =IF(B28<>"",ROW()-11,"") -> 17 | B28: 45868 | C28: 4000 | E28: =IF(B28<>"",E27+C28-D28,"") -> 136000 | I28: 17
A29: =IF(B29<>"",ROW()-11,"") -> 18 | B29: 45869 | C29: 5000 | E29: =IF(B29<>"",E28+C29-D29,"") -> 141000 | I29: 18
A30: =IF(B30<>"",ROW()-11,"") -> 19 | B30: 45870 | E30: =IF(B30<>"",E29+C30-D30,"") -> 141000 | I30: 19
A31: =IF(B31<>"",ROW()-11,"") -> 20 | B31: 45871 | E31: =IF(B31<>"",E30+C31-D31,"") -> 141000 | I31: 20
A32: =IF(B32<>"",ROW()-11,"") -> 21 | B32: 45872 | E32: =IF(B32<>"",E31+C32-D32,"") -> 141000 | I32: 21
A33: =IF(B33<>"",ROW()-11,"") -> 22 | B33: 45873 | C33: 2000 | E33: =IF(B33<>"",E32+C33-D33,"") -> 143000 | I33: 22
A34: =IF(B34<>"",ROW()-11,"") -> 23 | B34: 45874 | C34: 2000 | E34: =IF(B34<>"",E33+C34-D34,"") -> 145000 | I34: 23
A35: =IF(B35<>"",ROW()-11,"") -> 24 | B35: 45875 | C35: 2000 | E35: =IF(B35<>"",E34+C35-D35,"") -> 147000 | I35: 24
A36: =IF(B36<>"",ROW()-11,"") -> 25 | B36: 45876 | E36: =IF(B36<>"",E35+C36-D36,"") -> 147000 | I36: 25
A37: =IF(B37<>"",ROW()-11,"") -> 26 | B37: 45877 | C37: 3000 | E37: =IF(B37<>"",E36+C37-D37,"") -> 150000 | I37: 26
A38: =IF(B38<>"",ROW()-11,"") -> 27 | B38: 45878 | E38: =IF(B38<>"",E37+C38-D38,"") -> 150000 | I38: 27
A39: =IF(B39<>"",ROW()-11,"") -> 28 | B39: 45879 | E39: =IF(B39<>"",E38+C39-D39,"") -> 150000 | I39: 28
A40: =IF(B40<>"",ROW()-11,"") -> 29 | B40: 45880 | E40: =IF(B40<>"",E39+C40-D40,"") -> 150000 | I40: 29
A41: =IF(B41<>"",ROW()-11,"") -> 30 | B41: 45881 | C41: 4000 | E41: =IF(B41<>"",E40+C41-D41,"") -> 154000 | I41: 30
A42: =IF(B42<>"",ROW()-11,"") -> 31 | B42: 45882 | E42: =IF(B42<>"",E41+C42-D42,"") -> 154000 | I42: 31
A43: =IF(B43<>"",ROW()-11,"") -> 32 | B43: 45883 | C43: 8000 | E43: =IF(B43<>"",E42+C43-D43,"") -> 162000 | I43: 32
A44: =IF(B44<>"",ROW()-11,"") -> 33 | B44: 45884 | E44: =IF(B44<>"",E43+C44-D44,"") -> 162000 | I44: 33
A45: =IF(B45<>"",ROW()-11,"") -> 34 | B45: 45885 | E45: =IF(B45<>"",E44+C45-D45,"") -> 162000 | I45: 34
A46: =IF(B46<>"",ROW()-11,"") -> 35 | B46: 45886 | E46: =IF(B46<>"",E45+C46-D46,"") -> 162000 | I46: 35
A47: =IF(B47<>"",ROW()-11,"") -> 36 | B47: 45887 | E47: =IF(B47<>"",E46+C47-D47,"") -> 162000 | I47: 36
A48: =IF(B48<>"",ROW()-11,"") -> 37 | B48: 45888 | C48: 4000 | E48: =IF(B48<>"",E47+C48-D48,"") -> 166000 | I48: 37
A49: =IF(B49<>"",ROW()-11,"") -> 38 | B49: 45889 | E49: =IF(B49<>"",E48+C49-D49,"") -> 166000 | I49: 38
A50: =IF(B50<>"",ROW()-11,"") -> 39 | B50: 45890 | E50: =IF(B50<>"",E49+C50-D50,"") -> 166000 | I50: 39
A51: =IF(B51<>"",ROW()-11,"") -> 40 | B51: 45891 | E51: =IF(B51<>"",E50+C51-D51,"") -> 166000 | I51: 40
A52: =IF(B52<>"",ROW()-11,"") -> 41 | B52: 45892 | E52: =IF(B52<>"",E51+C52-D52,"") -> 166000 | I52: 41
A53: =IF(B53<>"",ROW()-11,"") -> 42 | B53: 45893 | E53: =IF(B53<>"",E52+C53-D53,"") -> 166000 | I53: 42
A54: =IF(B54<>"",ROW()-11,"") -> 43 | B54: 45894 | E54: =IF(B54<>"",E53+C54-D54,"") -> 166000 | I54: 43
A55: =IF(B55<>"",ROW()-11,"") -> 44 | B55: 45895 | E55: =IF(B55<>"",E54+C55-D55,"") -> 166000 | I55: 44
A56: =IF(B56<>"",ROW()-11,"") -> 45 | B56: 45896 | E56: =IF(B56<>"",E55+C56-D56,"") -> 166000 | I56: 45
A57: =IF(B57<>"",ROW()-11,"") -> 46 | B57: 45897 | C57: 5000 | E57: =IF(B57<>"",E56+C57-D57,"") -> 171000 | I57: 46
A58: =IF(B58<>"",ROW()-11,"") -> 47 | B58: 45898 | E58: =IF(B58<>"",E57+C58-D58,"") -> 171000 | I58: 47
A59: =IF(B59<>"",ROW()-11,"") -> 48 | B59: 45899 | E59: =IF(B59<>"",E58+C59-D59,"") -> 171000 | I59: 48
A60: =IF(B60<>"",ROW()-11,"") -> 49 | B60: 45900 | E60: =IF(B60<>"",E59+C60-D60,"") -> 171000 | I60: 49
A61: =IF(B61<>"",ROW()-11,"") -> 50 | B61: 45901 | E61: =IF(B61<>"",E60+C61-D61,"") -> 171000 | I61: 50
A62: =IF(B62<>"",ROW()-11,"") -> 51 | B62: 45902 | E62: =IF(B62<>"",E61+C62-D62,"") -> 171000 | I62: 51
A63: =IF(B63<>"",ROW()-11,"") -> 52 | B63: 45903 | C63: 4000 | E63: =IF(B63<>"",E62+C63-D63,"") -> 175000 | I63: 52
A64: =IF(B64<>"",ROW()-11,"") -> 53 | B64: 45904 | C64: 3000 | E64: =IF(B64<>"",E63+C64-D64,"") -> 178000 | I64: 53
A65: =IF(B65<>"",ROW()-11,"") -> 54 | B65: 45905 | E65: =IF(B65<>"",E64+C65-D65,"") -> 178000 | I65: 54
A66: =IF(B66<>"",ROW()-11,"") -> 55 | B66: 45906 | E66: =IF(B66<>"",E65+C66-D66,"") -> 178000 | I66: 55
A67: =IF(B67<>"",ROW()-11,"") -> 56 | B67: 45907 | E67: =IF(B67<>"",E66+C67-D67,"") -> 178000 | I67: 56
A68: =IF(B68<>"",ROW()-11,"") -> 57 | B68: 45908 | E68: =IF(B68<>"",E67+C68-D68,"") -> 178000 | I68: 57
A69: =IF(B69<>"",ROW()-11,"") -> 58 | B69: 45909 | E69: =IF(B69<>"",E68+C69-D69,"") -> 178000 | I69: 58
A70: =IF(B70<>"",ROW()-11,"") -> 59 | B70: 45910 | C70: 4000 | E70: =IF(B70<>"",E69+C70-D70,"") -> 182000 | I70: 59
A71: =IF(B71<>"",ROW()-11,"") -> 60 | B71: 45911 | C71: 4000 | E71: =IF(B71<>"",E70+C71-D71,"") -> 186000 | I71: 60
A72: =IF(B72<>"",ROW()-11,"") -> 61 | B72: 45912 | E72: =IF(B72<>"",E71+C72-D72,"") -> 186000 | I72: 61
A73: =IF(B73<>"",ROW()-11,"") -> 62 | B73: 45913 | E73: =IF(B73<>"",E72+C73-D73,"") -> 186000 | I73: 62
A74: =IF(B74<>"",ROW()-11,"") -> 63 | B74: 45914 | E74: =IF(B74<>"",E73+C74-D74,"") -> 186000 | I74: 63
A75: =IF(B75<>"",ROW()-11,"") -> 64 | B75: 45915 | E75: =IF(B75<>"",E74+C75-D75,"") -> 186000 | I75: 64
A76: =IF(B76<>"",ROW()-11,"") -> 65 | B76: 45916 | E76: =IF(B76<>"",E75+C76-D76,"") -> 186000 | I76: 65
A77: =IF(B77<>"",ROW()-11,"") -> 66 | B77: 45917 | C77: 4000 | E77: =IF(B77<>"",E76+C77-D77,"") -> 190000 | I77: 66
A78: =IF(B78<>"",ROW()-11,"") -> 67 | B78: 45918 | E78: =IF(B78<>"",E77+C78-D78,"") -> 190000 | I78: 67
A79: =IF(B79<>"",ROW()-11,"") -> 68 | B79: 45919 | E79: =IF(B79<>"",E78+C79-D79,"") -> 190000 | I79: 68
A80: =IF(B80<>"",ROW()-11,"") -> 69 | B80: 45920 | E80: =IF(B80<>"",E79+C80-D80,"") -> 190000 | I80: 69
A81: =IF(B81<>"",ROW()-11,"") -> 70 | B81: 45921 | E81: =IF(B81<>"",E80+C81-D81,"") -> 190000 | I81: 70
A82: =IF(B82<>"",ROW()-11,"") -> 71 | B82: 45922 | E82: =IF(B82<>"",E81+C82-D82,"") -> 190000 | I82: 71
A83: =IF(B83<>"",ROW()-11,"") -> 72 | B83: 45923 | E83: =IF(B83<>"",E82+C83-D83,"") -> 190000 | I83: 72
A84: =IF(B84<>"",ROW()-11,"") -> 73 | B84: 45924 | E84: =IF(B84<>"",E83+C84-D84,"") -> 190000 | I84: 73
A85: =IF(B85<>"",ROW()-11,"") -> 74 | B85: 45925 | E85: =IF(B85<>"",E84+C85-D85,"") -> 190000 | I85: 74
A86: =IF(B86<>"",ROW()-11,"") -> 75 | B86: 45926 | E86: =IF(B86<>"",E85+C86-D86,"") -> 190000 | I86: 75
A87: =IF(B87<>"",ROW()-11,"") -> 76 | B87: 45927 | E87: =IF(B87<>"",E86+C87-D87,"") -> 190000 | I87: 76
A88: =IF(B88<>"",ROW()-11,"") -> 77 | B88: 45928 | E88: =IF(B88<>"",E87+C88-D88,"") -> 190000 | I88: 77
A89: =IF(B89<>"",ROW()-11,"") -> 78 | B89: 45929 | E89: =IF(B89<>"",E88+C89-D89,"") -> 190000 | I89: 78
A90: =IF(B90<>"",ROW()-11,"") -> 79 | B90: 45930 | C90: 3000 | E90: =IF(B90<>"",E89+C90-D90,"") -> 193000 | I90: 79
A91: =IF(B91<>"",ROW()-11,"") -> 80 | B91: 45931 | C91: 2000 | E91: =IF(B91<>"",E90+C91-D91,"") -> 195000 | I91: 80
A92: =IF(B92<>"",ROW()-11,"") -> 81 | B92: 45932 | E92: =IF(B92<>"",E91+C92-D92,"") -> 195000 | I92: 81
A93: =IF(B93<>"",ROW()-11,"") -> 82 | B93: 45933 | E93: =IF(B93<>"",E92+C93-D93,"") -> 195000 | I93: 82
A94: =IF(B94<>"",ROW()-11,"") -> 83 | B94: 45934 | E94: =IF(B94<>"",E93+C94-D94,"") -> 195000 | I94: 83
A95: =IF(B95<>"",ROW()-11,"") -> 84 | B95: 45935 | E95: =IF(B95<>"",E94+C95-D95,"") -> 195000 | I95: 84
A96: =IF(B96<>"",ROW()-11,"") -> 85 | B96: 45936 | E96: =IF(B96<>"",E95+C96-D96,"") -> 195000 | I96: 85
A97: =IF(B97<>"",ROW()-11,"") -> 86 | B97: 45937 | C97: 2000 | E97: =IF(B97<>"",E96+C97-D97,"") -> 197000 | I97: 86
A98: =IF(B98<>"",ROW()-11,"") -> 87 | B98: 45938 | E98: =IF(B98<>"",E97+C98-D98,"") -> 197000 | I98: 87
A99: =IF(B99<>"",ROW()-11,"") -> 88 | B99: 45939 | E99: =IF(B99<>"",E98+C99-D99,"") -> 197000 | I99: 88
A100: =IF(B100<>"",ROW()-11,"") -> 89 | B100: 45940 | E100: =IF(B100<>"",E99+C100-D100,"") -> 197000 | I100: 89
A101: =IF(B101<>"",ROW()-11,"") -> 90 | B101: 45941 | E101: =IF(B101<>"",E100+C101-D101,"") -> 197000 | I101: 90
A102: =IF(B102<>"",ROW()-11,"") -> 91 | B102: 45942 | E102: =IF(B102<>"",E101+C102-D102,"") -> 197000 | I102: 91
A103: =IF(B103<>"",ROW()-11,"") -> 92 | B103: 45943 | C103: 4000 | E103: =IF(B103<>"",E102+C103-D103,"") -> 201000 | I103: 92
...

Sheet 21
A1: BUKU TABUNGAN SISWA
A3: Nama | C3: =Sheet1!C29 -> NABILA SAKIB
A4: NIS | C4: =Sheet1!B29 -> 231001304
A5: Kelas | C5: =Sheet1!C4 -> XII - OTKP 1
A6: Jumlah Setoran | C6: =SUM(C12:C376) -> 67000
A7: Jumlah Penarikan | C7: =SUM(D12:D376) -> 0
A8: Saldo Tabungan | C8: =SUM(C6-C7) -> 67000
A11: NO | B11: TANGGAL | C11: SETORAN | D11: PENARIKAN | E11: SALDO
A12: =IF(B12<>"",ROW()-11,"") -> 1 | B12: 45852 | C12: 52000 | E12: =IF(B12<>"",C12-D12,"") -> 52000 | I12: 1
A13: =IF(B13<>"",ROW()-11,"") -> 2 | B13: 45853 | E13: =IF(B13<>"",E12+C13-D13,"") -> 52000 | I13: 2
A14: =IF(B14<>"",ROW()-11,"") -> 3 | B14: 45854 | E14: =IF(B14<>"",E13+C14-D14,"") -> 52000 | I14: 3
A15: =IF(B15<>"",ROW()-11,"") -> 4 | B15: 45855 | E15: =IF(B15<>"",E14+C15-D15,"") -> 52000 | I15: 4
A16: =IF(B16<>"",ROW()-11,"") -> 5 | B16: 45856 | E16: =IF(B16<>"",E15+C16-D16,"") -> 52000 | I16: 5
A17: =IF(B17<>"",ROW()-11,"") -> 6 | B17: 45857 | E17: =IF(B17<>"",E16+C17-D17,"") -> 52000 | I17: 6
A18: =IF(B18<>"",ROW()-11,"") -> 7 | B18: 45858 | E18: =IF(B18<>"",E17+C18-D18,"") -> 52000 | I18: 7
A19: =IF(B19<>"",ROW()-11,"") -> 8 | B19: 45859 | E19: =IF(B19<>"",E18+C19-D19,"") -> 52000 | I19: 8
A20: =IF(B20<>"",ROW()-11,"") -> 9 | B20: 45860 | E20: =IF(B20<>"",E19+C20-D20,"") -> 52000 | I20: 9
A21: =IF(B21<>"",ROW()-11,"") -> 10 | B21: 45861 | E21: =IF(B21<>"",E20+C21-D21,"") -> 52000 | I21: 10
A22: =IF(B22<>"",ROW()-11,"") -> 11 | B22: 45862 | C22: 5000 | E22: =IF(B22<>"",E21+C22-D22,"") -> 57000 | I22: 11
A23: =IF(B23<>"",ROW()-11,"") -> 12 | B23: 45863 | E23: =IF(B23<>"",E22+C23-D23,"") -> 57000 | I23: 12
A24: =IF(B24<>"",ROW()-11,"") -> 13 | B24: 45864 | E24: =IF(B24<>"",E23+C24-D24,"") -> 57000 | I24: 13
A25: =IF(B25<>"",ROW()-11,"") -> 14 | B25: 45865 | E25: =IF(B25<>"",E24+C25-D25,"") -> 57000 | I25: 14
A26: =IF(B26<>"",ROW()-11,"") -> 15 | B26: 45866 | E26: =IF(B26<>"",E25+C26-D26,"") -> 57000 | I26: 15
A27: =IF(B27<>"",ROW()-11,"") -> 16 | B27: 45867 | E27: =IF(B27<>"",E26+C27-D27,"") -> 57000 | I27: 16
A28: =IF(B28<>"",ROW()-11,"") -> 17 | B28: 45868 | E28: =IF(B28<>"",E27+C28-D28,"") -> 57000 | I28: 17
A29: =IF(B29<>"",ROW()-11,"") -> 18 | B29: 45869 | E29: =IF(B29<>"",E28+C29-D29,"") -> 57000 | I29: 18
A30: =IF(B30<>"",ROW()-11,"") -> 19 | B30: 45870 | E30: =IF(B30<>"",E29+C30-D30,"") -> 57000 | I30: 19
A31: =IF(B31<>"",ROW()-11,"") -> 20 | B31: 45871 | E31: =IF(B31<>"",E30+C31-D31,"") -> 57000 | I31: 20
A32: =IF(B32<>"",ROW()-11,"") -> 21 | B32: 45872 | E32: =IF(B32<>"",E31+C32-D32,"") -> 57000 | I32: 21
A33: =IF(B33<>"",ROW()-11,"") -> 22 | B33: 45873 | E33: =IF(B33<>"",E32+C33-D33,"") -> 57000 | I33: 22
A34: =IF(B34<>"",ROW()-11,"") -> 23 | B34: 45874 | E34: =IF(B34<>"",E33+C34-D34,"") -> 57000 | I34: 23
... A97: =IF(B97<>"",ROW()-11,"") -> 86 | B97: 45937 | E97: =IF(B97<>"",E96+C97-D97,"") -> 57000 | I97: 86
A98: =IF(B98<>"",ROW()-11,"") -> 87 | B98: 45938 | C98: 5000 | E98: =IF(B98<>"",E97+C98-D98,"") -> 62000 | I98: 87
A99: =IF(B99<>"",ROW()-11,"") -> 88 | B99: 45939 | C99: 5000 | E99: =IF(B99<>"",E98+C99-D99,"") -> 67000 | I99: 88
A100: =IF(B100<>"",ROW()-11,"") -> 89 | B100: 45940 | E100: =IF(B100<>"",E99+C100-D100,"") -> 67000 | I100: 89
A101: =IF(B101<>"",ROW()-11,"") -> 90 | B101: 45941 | E101: =IF(B101<>"",E100+C101-D101,"") -> 67000 | I101: 90
A102: =IF(B102<>"",ROW()-11,"") -> 91 | B102: 45942 | E102: =IF(B102<>"",E101+C102-D102,"") -> 67000 | I102: 91
A103: =IF(B103<>"",ROW()-11,"") -> 92 | B103: 45943 | E103: =IF(B103<>"",E102+C103-D103,"") -> 67000 | I103: 92
A104: =IF(B104<>"",ROW()-11,"") -> 93 | B104: 45944 | E104: =IF(B104<>"",E103+C104-D104,"") -> 67000 | I104: 93
A105: =IF(B105<>"",ROW()-11,"") -> 94 | B105: 45945 | E105: =IF(B105<>"",E104+C105-D105,"") -> 67000 | I105: 94
A106: =IF(B106<>"",ROW()-11,"") -> 95 | B106: 45946 | E106: =IF(B106<>"",E105+C106-D106,"") -> 67000 | I106: 95
A107: =IF(B107<>"",ROW()-11,"") -> 96 | B107: 45947 | E107: =IF(B107<>"",E106+C107-D107,"") -> 67000 | I107: 96
A108: =IF(B108<>"",ROW()-11,"") -> 97 | B108: 45948 | E108: =IF(B108<>"",E107+C108-D108,"") -> 67000 | I108: 97
A109: =IF(B109<>"",ROW()-11,"") -> 98 | B109: 45949 | E109: =IF(B109<>"",E108+C109-D109,"") -> 67000 | I109: 98
A110: =IF(B110<>"",ROW()-11,"") -> 99 | B110: 45950 | E110: =IF(B110<>"",E109+C110-D110,"") -> 67000 | I110: 99
A111: =IF(B111<>"",ROW()-11,"") -> 100 | B111: 45951 | E111: =IF(B111<>"",E110+C111-D111,"") -> 67000 | I111: 100
... A376: =IF(B376<>"",ROW()-11,"") -> 365 | B376: 46216 | E376: =IF(B376<>"",E375+C376-D376,"") -> 67000 | I376: 365

Sheet 22
A1: BUKU TABUNGAN SISWA
A3: Nama | C3: =Sheet1!C30 -> NANDA ASSIFA
A4: NIS | C4: =Sheet1!B30 -> 231001305
A5: Kelas | C5: =Sheet1!C4 -> XII - OTKP 1
A6: Jumlah Setoran | C6: =SUM(C12:C376) -> 50000
A7: Jumlah Penarikan | C7: =SUM(D12:D376) -> 0
A8: Saldo Tabungan | C8: =SUM(C6-C7) -> 50000
A11: NO | B11: TANGGAL | C11: SETORAN | D11: PENARIKAN | E11: SALDO
A12: =IF(B12<>"",ROW()-11,"") -> 1 | B12: 45852 | C12: 36000 | E12: =IF(B12<>"",C12-D12,"") -> 36000 | I12: 1
A13: =IF(B13<>"",ROW()-11,"") -> 2 | B13: 45853 | E13: =IF(B13<>"",E12+C13-D13,"") -> 36000 | I13: 2
A14: =IF(B14<>"",ROW()-11,"") -> 3 | B14: 45854 | E14: =IF(B14<>"",E13+C14-D14,"") -> 36000 | I14: 3
A15: =IF(B15<>"",ROW()-11,"") -> 4 | B15: 45855 | E15: =IF(B15<>"",E14+C15-D15,"") -> 36000 | I15: 4
A16: =IF(B16<>"",ROW()-11,"") -> 5 | B16: 45856 | E16: =IF(B16<>"",E15+C16-D16,"") -> 36000 | I16: 5
A17: =IF(B17<>"",ROW()-11,"") -> 6 | B17: 45857 | E17: =IF(B17<>"",E16+C17-D17,"") -> 36000 | I17: 6
A18: =IF(B18<>"",ROW()-11,"") -> 7 | B18: 45858 | E18: =IF(B18<>"",E17+C18-D18,"") -> 36000 | I18: 7
A19: =IF(B19<>"",ROW()-11,"") -> 8 | B19: 45859 | E19: =IF(B19<>"",E18+C19-D19,"") -> 36000 | I19: 8
A20: =IF(B20<>"",ROW()-11,"") -> 9 | B20: 45860 | E20: =IF(B20<>"",E19+C20-D20,"") -> 36000 | I20: 9
A21: =IF(B21<>"",ROW()-11,"") -> 10 | B21: 45861 | E21: =IF(B21<>"",E20+C21-D21,"") -> 36000 | I21: 10
A22: =IF(B22<>"",ROW()-11,"") -> 11 | B22: 45862 | E22: =IF(B22<>"",E21+C22-D22,"") -> 36000 | I22: 11
A23: =IF(B23<>"",ROW()-11,"") -> 12 | B23: 45863 | E23: =IF(B23<>"",E22+C23-D23,"") -> 36000 | I23: 12
A24: =IF(B24<>"",ROW()-11,"") -> 13 | B24: 45864 | E24: =IF(B24<>"",E23+C24-D24,"") -> 36000 | I24: 13
A25: =IF(B25<>"",ROW()-11,"") -> 14 | B25: 45865 | E25: =IF(B25<>"",E24+C25-D25,"") -> 36000 | I25: 14
A26: =IF(B26<>"",ROW()-11,"") -> 15 | B26: 45866 | C26: 2000 | E26: =IF(B26<>"",E25+C26-D26,"") -> 38000 | I26: 15
A27: =IF(B27<>"",ROW()-11,"") -> 16 | B27: 45867 | E27: =IF(B27<>"",E26+C27-D27,"") -> 38000 | I27: 16
A28: =IF(B28<>"",ROW()-11,"") -> 17 | B28: 45868 | E28: =IF(B28<>"",E27+C28-D28,"") -> 38000 | I28: 17
A29: =IF(B29<>"",ROW()-11,"") -> 18 | B29: 45869 | C29: 2000 | E29: =IF(B29<>"",E28+C29-D29,"") -> 40000 | I29: 18
A30: =IF(B30<>"",ROW()-11,"") -> 19 | B30: 45870 | C30: 2000 | E30: =IF(B30<>"",E29+C30-D30,"") -> 42000 | I30: 19
A31: =IF(B31<>"",ROW()-11,"") -> 20 | B31: 45871 | E31: =IF(B31<>"",E30+C31-D31,"") -> 42000 | I31: 20
A32: =IF(B32<>"",ROW()-11,"") -> 21 | B32: 45872 | E32: =IF(B32<>"",E31+C32-D32,"") -> 42000 | I32: 21
A33: =IF(B33<>"",ROW()-11,"") -> 22 | B33: 45873 | C33: 2000 | E33: =IF(B33<>"",E32+C33-D33,"") -> 44000 | I33: 22
A34: =IF(B34<>"",ROW()-11,"") -> 23 | B34: 45874 | E34: =IF(B34<>"",E33+C34-D34,"") -> 44000 | I34: 23
A35: =IF(B35<>"",ROW()-11,"") -> 24 | B35: 45875 | E35: =IF(B35<>"",E34+C35-D35,"") -> 44000 | I35: 24
A36: =IF(B36<>"",ROW()-11,"") -> 25 | B36: 45876 | E36: =IF(B36<>"",E35+C36-D36,"") -> 44000 | I36: 25
A37: =IF(B37<>"",ROW()-11,"") -> 26 | B37: 45877 | E37: =IF(B37<>"",E36+C37-D37,"") -> 44000 | I37: 26
A38: =IF(B38<>"",ROW()-11,"") -> 27 | B38: 45878 | E38: =IF(B38<>"",E37+C38-D38,"") -> 44000 | I38: 27
A39: =IF(B39<>"",ROW()-11,"") -> 28 | B39: 45879 | E39: =IF(B39<>"",E38+C39-D39,"") -> 44000 | I39: 28
A40: =IF(B40<>"",ROW()-11,"") -> 29 | B40: 45880 | C40: 2000 | E40: =IF(B40<>"",E39+C40-D40,"") -> 46000 | I40: 29
A41: =IF(B41<>"",ROW()-11,"") -> 30 | B41: 45881 | C41: 2000 | E41: =IF(B41<>"",E40+C41-D41,"") -> 48000 | I41: 30
A42: =IF(B42<>"",ROW()-11,"") -> 31 | B42: 45882 | E42: =IF(B42<>"",E41+C42-D42,"") -> 48000 | I42: 31
A43: =IF(B43<>"",ROW()-11,"") -> 32 | B43: 45883 | E43: =IF(B43<>"",E42+C43-D43,"") -> 48000 | I43: 32
A44: =IF(B44<>"",ROW()-11,"") -> 33 | B44: 45884 | C44: 2000 | E44: =IF(B44<>"",E43+C44-D44,"") -> 50000 | I44: 33
A45: =IF(B45<>"",ROW()-11,"") -> 34 | B45: 45885 | E45: =IF(B45<>"",E44+C45-D45,"") -> 50000 | I45: 34
A46: =IF(B46<>"",ROW()-11,"") -> 35 | B46: 45886 | E46: =IF(B46<>"",E45+C46-D46,"") -> 50000 | I46: 35
A47: =IF(B47<>"",ROW()-11,"") -> 36 | B47: 45887 | E47: =IF(B47<>"",E46+C47-D47,"") -> 50000 | I47: 36
A48: =IF(B48<>"",ROW()-11,"") -> 37 | B48: 45888 | E48: =IF(B48<>"",E47+C48-D48,"") -> 50000 | I48: 37
A49: =IF(B49<>"",ROW()-11,"") -> 38 | B49: 45889 | E49: =IF(B49<>"",E48+C49-D49,"") -> 50000 | I49: 38
A50: =IF(B50<>"",ROW()-11,"") -> 39 | B50: 45890 | E50: =IF(B50<>"",E49+C50-D50,"") -> 50000 | I50: 39
A51: =IF(B51<>"",ROW()-11,"") -> 40 | B51: 45891 | E51: =IF(B51<>"",E50+C51-D51,"") -> 50000 | I51: 40
A52: =IF(B52<>"",ROW()-11,"") -> 41 | B52: 45892 | E52: =IF(B52<>"",E51+C52-D52,"") -> 50000 | I52: 41
A53: =IF(B53<>"",ROW()-11,"") -> 42 | B53: 45893 | E53: =IF(B53<>"",E52+C53-D53,"") -> 50000 | I53: 42
A54: =IF(B54<>"",ROW()-11,"") -> 43 | B54: 45894 | E54: =IF(B54<>"",E53+C54-D54,"") -> 50000 | I54: 43
A55: =IF(B55<>"",ROW()-11,"") -> 44 | B55: 45895 | E55: =IF(B55<>"",E54+C55-D55,"") -> 50000 | I55: 44
A56: =IF(B56<>"",ROW()-11,"") -> 45 | B56: 45896 | E56: =IF(B56<>"",E55+C56-D56,"") -> 50000 | I56: 45
... A376: =IF(B376<>"",ROW()-11,"") -> 365 | B376: 46216 | E376: =IF(B376<>"",E375+C376-D376,"") -> 50000 | I376: 365

Sheet 23
A1: BUKU TABUNGAN SISWA
A3: Nama | C3: =Sheet1!C31 -> PUTRI ANISA
A4: NIS | C4: =Sheet1!B31 -> 231001306
A5: Kelas | C5: =Sheet1!C4 -> XII - OTKP 1
A6: Jumlah Setoran | C6: =SUM(C12:C376) -> 55000
A7: Jumlah Penarikan | C7: =SUM(D12:D376) -> 0
A8: Saldo Tabungan | C8: =SUM(C6-C7) -> 55000
A11: NO | B11: TANGGAL | C11: SETORAN | D11: PENARIKAN | E11: SALDO
A12: =IF(B12<>"",ROW()-11,"") -> 1 | B12: 45852 | C12: 37000 | E12: =IF(B12<>"",C12-D12,"") -> 37000 | I12: 1
A13: =IF(B13<>"",ROW()-11,"") -> 2 | B13: 45853 | E13: =IF(B13<>"",E12+C13-D13,"") -> 37000 | I13: 2
A14: =IF(B14<>"",ROW()-11,"") -> 3 | B14: 45854 | E14: =IF(B14<>"",E13+C14-D14,"") -> 37000 | I14: 3
A15: =IF(B15<>"",ROW()-11,"") -> 4 | B15: 45855 | E15: =IF(B15<>"",E14+C15-D15,"") -> 37000 | I15: 4
A16: =IF(B16<>"",ROW()-11,"") -> 5 | B16: 45856 | E16: =IF(B16<>"",E15+C16-D16,"") -> 37000 | I16: 5
A17: =IF(B17<>"",ROW()-11,"") -> 6 | B17: 45857 | E17: =IF(B17<>"",E16+C17-D17,"") -> 37000 | I17: 6
A18: =IF(B18<>"",ROW()-11,"") -> 7 | B18: 45858 | E18: =IF(B18<>"",E17+C18-D18,"") -> 37000 | I18: 7
A19: =IF(B19<>"",ROW()-11,"") -> 8 | B19: 45859 | E19: =IF(B19<>"",E18+C19-D19,"") -> 37000 | I19: 8
A20: =IF(B20<>"",ROW()-11,"") -> 9 | B20: 45860 | E20: =IF(B20<>"",E19+C20-D20,"") -> 37000 | I20: 9
A21: =IF(B21<>"",ROW()-11,"") -> 10 | B21: 45861 | E21: =IF(B21<>"",E20+C21-D21,"") -> 37000 | I21: 10
A22: =IF(B22<>"",ROW()-11,"") -> 11 | B22: 45862 | E22: =IF(B22<>"",E21+C22-D22,"") -> 37000 | I22: 11
A23: =IF(B23<>"",ROW()-11,"") -> 12 | B23: 45863 | E23: =IF(B23<>"",E22+C23-D23,"") -> 37000 | I23: 12
A24: =IF(B24<>"",ROW()-11,"") -> 13 | B24: 45864 | E24: =IF(B24<>"",E23+C24-D24,"") -> 37000 | I24: 13
... A27: =IF(B27<>"",ROW()-11,"") -> 16 | B27: 45867 | E27: =IF(B27<>"",E26+C27-D27,"") -> 37000 | I27: 16
A28: =IF(B28<>"",ROW()-11,"") -> 17 | B28: 45868 | C28: 2000 | E28: =IF(B28<>"",E27+C28-D28,"") -> 39000 | I28: 17
A29: =IF(B29<>"",ROW()-11,"") -> 18 | B29: 45869 | C29: 2000 | E29: =IF(B29<>"",E28+C29-D29,"") -> 41000 | I29: 18
A30: =IF(B30<>"",ROW()-11,"") -> 19 | B30: 45870 | C30: 2000 | E30: =IF(B30<>"",E29+C30-D30,"") -> 43000 | I30: 19
A31: =IF(B31<>"",ROW()-11,"") -> 20 | B31: 45871 | E31: =IF(B31<>"",E30+C31-D31,"") -> 43000 | I31: 20
A32: =IF(B32<>"",ROW()-11,"") -> 21 | B32: 45872 | E32: =IF(B32<>"",E31+C32-D32,"") -> 43000 | I32: 21
A33: =IF(B33<>"",ROW()-11,"") -> 22 | B33: 45873 | C33: 3000 | E33: =IF(B33<>"",E32+C33-D33,"") -> 46000 | I33: 22
A34: =IF(B34<>"",ROW()-11,"") -> 23 | B34: 45874 | C34: 2000 | E34: =IF(B34<>"",E33+C34-D34,"") -> 48000 | I34: 23
A35: =IF(B35<>"",ROW()-11,"") -> 24 | B35: 45875 | C35: 2000 | E35: =IF(B35<>"",E34+C35-D35,"") -> 50000 | I35: 24
A36: =IF(B36<>"",ROW()-11,"") -> 25 | B36: 45876 | E36: =IF(B36<>"",E35+C36-D36,"") -> 50000 | I36: 25
A37: =IF(B37<>"",ROW()-11,"") -> 26 | B37: 45877 | E37: =IF(B37<>"",E36+C37-D37,"") -> 50000 | I37: 26
A38: =IF(B38<>"",ROW()-11,"") -> 27 | B38: 45878 | E38: =IF(B38<>"",E37+C38-D38,"") -> 50000 | I38: 27
A39: =IF(B39<>"",ROW()-11,"") -> 28 | B39: 45879 | E39: =IF(B39<>"",E38+C39-D39,"") -> 50000 | I39: 28
A40: =IF(B40<>"",ROW()-11,"") -> 29 | B40: 45880 | E40: =IF(B40<>"",E39+C40-D40,"") -> 50000 | I40: 29
A41: =IF(B41<>"",ROW()-11,"") -> 30 | B41: 45881 | E41: =IF(B41<>"",E40+C41-D41,"") -> 50000 | I41: 30
A42: =IF(B42<>"",ROW()-11,"") -> 31 | B42: 45882 | E42: =IF(B42<>"",E41+C42-D42,"") -> 50000 | I42: 31
A43: =IF(B43<>"",ROW()-11,"") -> 32 | B43: 45883 | C43: 5000 | E43: =IF(B43<>"",E42+C43-D43,"") -> 55000 | I43: 32
A44: =IF(B44<>"",ROW()-11,"") -> 33 | B44: 45884 | E44: =IF(B44<>"",E43+C44-D44,"") -> 55000 | I44: 33
A45: =IF(B45<>"",ROW()-11,"") -> 34 | B45: 45885 | E45: =IF(B45<>"",E44+C45-D45,"") -> 55000 | I45: 34
A46: =IF(B46<>"",ROW()-11,"") -> 35 | B46: 45886 | E46: =IF(B46<>"",E45+C46-D46,"") -> 55000 | I46: 35
A47: =IF(B47<>"",ROW()-11,"") -> 36 | B47: 45887 | E47: =IF(B47<>"",E46+C47-D47,"") -> 55000 | I47: 36
A48: =IF(B48<>"",ROW()-11,"") -> 37 | B48: 45888 | E48: =IF(B48<>"",E47+C48-D48,"") -> 55000 | I48: 37
A49: =IF(B49<>"",ROW()-11,"") -> 38 | B49: 45889 | E49: =IF(B49<>"",E48+C49-D49,"") -> 55000 | I49: 38
A50: =IF(B50<>"",ROW()-11,"") -> 39 | B50: 45890 | E50: =IF(B50<>"",E49+C50-D50,"") -> 55000 | I50: 39
A51: =IF(B51<>"",ROW()-11,"") -> 40 | B51: 45891 | E51: =IF(B51<>"",E50+C51-D51,"") -> 55000 | I51: 40
A52: =IF(B52<>"",ROW()-11,"") -> 41 | B52: 45892 | E52: =IF(B52<>"",E51+C52-D52,"") -> 55000 | I52: 41
A53: =IF(B53<>"",ROW()-11,"") -> 42 | B53: 45893 | E53: =IF(B53<>"",E52+C53-D53,"") -> 55000 | I53: 42
A54: =IF(B54<>"",ROW()-11,"") -> 43 | B54: 45894 | E54: =IF(B54<>"",E53+C54-D54,"") -> 55000 | I54: 43
A55: =IF(B55<>"",ROW()-11,"") -> 44 | B55: 45895 | E55: =IF(B55<>"",E54+C55-D55,"") -> 55000 | I55: 44
... A376: =IF(B376<>"",ROW()-11,"") -> 365 | B376: 46216 | E376: =IF(B376<>"",E375+C376-D376,"") -> 55000 | I376: 365

Sheet 24
A1: BUKU TABUNGAN SISWA
A3: Nama | C3: =Sheet1!C32 -> QAIS NUR SYAHRANI
A4: NIS | C4: =Sheet1!B32 -> 231001307
A5: Kelas | C5: =Sheet1!C4 -> XII - OTKP 1
A6: Jumlah Setoran | C6: =SUM(C12:C376) -> 50000
A7: Jumlah Penarikan | C7: =SUM(D12:D376) -> 0
A8: Saldo Tabungan | C8: =SUM(C6-C7) -> 50000
A11: NO | B11: TANGGAL | C11: SETORAN | D11: PENARIKAN | E11: SALDO
A12: =IF(B12<>"",ROW()-11,"") -> 1 | B12: 45852 | C12: 46000 | E12: =IF(B12<>"",C12-D12,"") -> 46000 | I12: 1
A13: =IF(B13<>"",ROW()-11,"") -> 2 | B13: 45853 | E13: =IF(B13<>"",E12+C13-D13,"") -> 46000 | I13: 2
A14: =IF(B14<>"",ROW()-11,"") -> 3 | B14: 45854 | E14: =IF(B14<>"",E13+C14-D14,"") -> 46000 | I14: 3
A15: =IF(B15<>"",ROW()-11,"") -> 4 | B15: 45855 | E15: =IF(B15<>"",E14+C15-D15,"") -> 46000 | I15: 4
A16: =IF(B16<>"",ROW()-11,"") -> 5 | B16: 45856 | E16: =IF(B16<>"",E15+C16-D16,"") -> 46000 | I16: 5
A17: =IF(B17<>"",ROW()-11,"") -> 6 | B17: 45857 | E17: =IF(B17<>"",E16+C17-D17,"") -> 46000 | I17: 6
A18: =IF(B18<>"",ROW()-11,"") -> 7 | B18: 45858 | E18: =IF(B18<>"",E17+C18-D18,"") -> 46000 | I18: 7
A19: =IF(B19<>"",ROW()-11,"") -> 8 | B19: 45859 | E19: =IF(B19<>"",E18+C19-D19,"") -> 46000 | I19: 8
A20: =IF(B20<>"",ROW()-11,"") -> 9 | B20: 45860 | E20: =IF(B20<>"",E19+C20-D20,"") -> 46000 | I20: 9
A21: =IF(B21<>"",ROW()-11,"") -> 10 | B21: 45861 | E21: =IF(B21<>"",E20+C21-D21,"") -> 46000 | I21: 10
A22: =IF(B22<>"",ROW()-11,"") -> 11 | B22: 45862 | E22: =IF(B22<>"",E21+C22-D22,"") -> 46000 | I22: 11
A23: =IF(B23<>"",ROW()-11,"") -> 12 | B23: 45863 | E23: =IF(B23<>"",E22+C23-D23,"") -> 46000 | I23: 12
A24: =IF(B24<>"",ROW()-11,"") -> 13 | B24: 45864 | E24: =IF(B24<>"",E23+C24-D24,"") -> 46000 | I24: 13
... A33: =IF(B33<>"",ROW()-11,"") -> 22 | B33: 45873 | E33: =IF(B33<>"",E32+C33-D33,"") -> 46000 | I33: 22
A34: =IF(B34<>"",ROW()-11,"") -> 23 | B34: 45874 | C34: 2000 | E34: =IF(B34<>"",E33+C34-D34,"") -> 48000 | I34: 23
A35: =IF(B35<>"",ROW()-11,"") -> 24 | B35: 45875 | C35: 2000 | E35: =IF(B35<>"",E34+C35-D35,"") -> 50000 | I35: 24
A36: =IF(B36<>"",ROW()-11,"") -> 25 | B36: 45876 | E36: =IF(B36<>"",E35+C36-D36,"") -> 50000 | I36: 25
A37: =IF(B37<>"",ROW()-11,"") -> 26 | B37: 45877 | E37: =IF(B37<>"",E36+C37-D37,"") -> 50000 | I37: 26
A38: =IF(B38<>"",ROW()-11,"") -> 27 | B38: 45878 | E38: =IF(B38<>"",E37+C38-D38,"") -> 50000 | I38: 27
A39: =IF(B39<>"",ROW()-11,"") -> 28 | B39: 45879 | E39: =IF(B39<>"",E38+C39-D39,"") -> 50000 | I39: 28
A40: =IF(B40<>"",ROW()-11,"") -> 29 | B40: 45880 | E40: =IF(B40<>"",E39+C40-D40,"") -> 50000 | I40: 29
A41: =IF(B41<>"",ROW()-11,"") -> 30 | B41: 45881 | E41: =IF(B41<>"",E40+C41-D41,"") -> 50000 | I41: 30
A42: =IF(B42<>"",ROW()-11,"") -> 31 | B42: 45882 | E42: =IF(B42<>"",E41+C42-D42,"") -> 50000 | I42: 31
A43: =IF(B43<>"",ROW()-11,"") -> 32 | B43: 45883 | E43: =IF(B43<>"",E42+C43-D43,"") -> 50000 | I43: 32
A44: =IF(B44<>"",ROW()-11,"") -> 33 | B44: 45884 | E44: =IF(B44<>"",E43+C44-D44,"") -> 50000 | I44: 33
A45: =IF(B45<>"",ROW()-11,"") -> 34 | B45: 45885 | E45: =IF(B45<>"",E44+C45-D45,"") -> 50000 | I45: 34
A46: =IF(B46<>"",ROW()-11,"") -> 35 | B46: 45886 | E46: =IF(B46<>"",E45+C46-D46,"") -> 50000 | I46: 35
A47: =IF(B47<>"",ROW()-11,"") -> 36 | B47: 45887 | E47: =IF(B47<>"",E46+C47-D47,"") -> 50000 | I47: 36
... A376: =IF(B376<>"",ROW()-11,"") -> 365 | B376: 46216 | E376: =IF(B376<>"",E375+C376-D376,"") -> 50000 | I376: 365

Sheet 25
A1: BUKU TABUNGAN SISWA
A3: Nama | C3: =Sheet1!C33 -> RIKA AJENG OKTAPIA
A4: NIS | C4: =Sheet1!B33 -> 231001309
A5: Kelas | C5: =Sheet1!C4 -> XII - OTKP 1
A6: Jumlah Setoran | C6: =SUM(C12:C376) -> 135000
A7: Jumlah Penarikan | C7: =SUM(D12:D376) -> 0
A8: Saldo Tabungan | C8: =SUM(C6-C7) -> 135000
A11: NO | B11: TANGGAL | C11: SETORAN | D11: PENARIKAN | E11: SALDO
A12: =IF(B12<>"",ROW()-11,"") -> 1 | B12: 45852 | C12: 80000 | E12: =IF(B12<>"",C12-D12,"") -> 80000 | I12: 1
A13: =IF(B13<>"",ROW()-11,"") -> 2 | B13: 45853 | E13: =IF(B13<>"",E12+C13-D13,"") -> 80000 | I13: 2
A14: =IF(B14<>"",ROW()-11,"") -> 3 | B14: 45854 | E14: =IF(B14<>"",E13+C14-D14,"") -> 80000 | I14: 3
A15: =IF(B15<>"",ROW()-11,"") -> 4 | B15: 45855 | E15: =IF(B15<>"",E14+C15-D15,"") -> 80000 | I15: 4
A16: =IF(B16<>"",ROW()-11,"") -> 5 | B16: 45856 | E16: =IF(B16<>"",E15+C16-D16,"") -> 80000 | I16: 5
A17: =IF(B17<>"",ROW()-11,"") -> 6 | B17: 45857 | E17: =IF(B17<>"",E16+C17-D17,"") -> 80000 | I17: 6
A18: =IF(B18<>"",ROW()-11,"") -> 7 | B18: 45858 | E18: =IF(B18<>"",E17+C18-D18,"") -> 80000 | I18: 7
A19: =IF(B19<>"",ROW()-11,"") -> 8 | B19: 45859 | E19: =IF(B19<>"",E18+C19-D19,"") -> 80000 | I19: 8
A20: =IF(B20<>"",ROW()-11,"") -> 9 | B20: 45860 | E20: =IF(B20<>"",E19+C20-D20,"") -> 80000 | I20: 9
A21: =IF(B21<>"",ROW()-11,"") -> 10 | B21: 45861 | E21: =IF(B21<>"",E20+C21-D21,"") -> 80000 | I21: 10
A22: =IF(B22<>"",ROW()-11,"") -> 11 | B22: 45862 | E22: =IF(B22<>"",E21+C22-D22,"") -> 80000 | I22: 11
A23: =IF(B23<>"",ROW()-11,"") -> 12 | B23: 45863 | E23: =IF(B23<>"",E22+C23-D23,"") -> 80000 | I23: 12
A24: =IF(B24<>"",ROW()-11,"") -> 13 | B24: 45864 | E24: =IF(B24<>"",E23+C24-D24,"") -> 80000 | I24: 13
... A28: =IF(B28<>"",ROW()-11,"") -> 17 | B28: 45868 | E28: =IF(B28<>"",E27+C28-D28,"") -> 80000 | I28: 17
A29: =IF(B29<>"",ROW()-11,"") -> 18 | B29: 45869 | C29: 5000 | E29: =IF(B29<>"",E28+C29-D29,"") -> 85000 | I29: 18
A30: =IF(B30<>"",ROW()-11,"") -> 19 | B30: 45870 | C30: 5000 | E30: =IF(B30<>"",E29+C30-D30,"") -> 90000 | I30: 19
A31: =IF(B31<>"",ROW()-11,"") -> 20 | B31: 45871 | E31: =IF(B31<>"",E30+C31-D31,"") -> 90000 | I31: 20
A32: =IF(B32<>"",ROW()-11,"") -> 21 | B32: 45872 | E32: =IF(B32<>"",E31+C32-D32,"") -> 90000 | I32: 21
A33: =IF(B33<>"",ROW()-11,"") -> 22 | B33: 45873 | C33: 5000 | E33: =IF(B33<>"",E32+C33-D33,"") -> 95000 | I33: 22
A34: =IF(B34<>"",ROW()-11,"") -> 23 | B34: 45874 | C34: 5000 | E34: =IF(B34<>"",E33+C34-D34,"") -> 100000 | I34: 23
A35: =IF(B35<>"",ROW()-11,"") -> 24 | B35: 45875 | E35: =IF(B35<>"",E34+C35-D35,"") -> 100000 | I35: 24
A36: =IF(B36<>"",ROW()-11,"") -> 25 | B36: 45876 | C36: 5000 | E36: =IF(B36<>"",E35+C36-D36,"") -> 105000 | I36: 25
A37: =IF(B37<>"",ROW()-11,"") -> 26 | B37: 45877 | E37: =IF(B37<>"",E36+C37-D37,"") -> 105000 | I37: 26
A38: =IF(B38<>"",ROW()-11,"") -> 27 | B38: 45878 | E38: =IF(B38<>"",E37+C38-D38,"") -> 105000 | I38: 27
A39: =IF(B39<>"",ROW()-11,"") -> 28 | B39: 45879 | E39: =IF(B39<>"",E38+C39-D39,"") -> 105000 | I39: 28
A40: =IF(B40<>"",ROW()-11,"") -> 29 | B40: 45880 | C40: 5000 | E40: =IF(B40<>"",E39+C40-D40,"") -> 110000 | I40: 29
A41: =IF(B41<>"",ROW()-11,"") -> 30 | B41: 45881 | C41: 5000 | E41: =IF(B41<>"",E40+C41-D41,"") -> 115000 | I41: 30
A42: =IF(B42<>"",ROW()-11,"") -> 31 | B42: 45882 | E42: =IF(B42<>"",E41+C42-D42,"") -> 115000 | I42: 31
A43: =IF(B43<>"",ROW()-11,"") -> 32 | B43: 45883 | C43: 5000 | E43: =IF(B43<>"",E42+C43-D43,"") -> 120000 | I43: 32
A44: =IF(B44<>"",ROW()-11,"") -> 33 | B44: 45884 | E44: =IF(B44<>"",E43+C44-D44,"") -> 120000 | I44: 33
A45: =IF(B45<>"",ROW()-11,"") -> 34 | B45: 45885 | E45: =IF(B45<>"",E44+C45-D45,"") -> 120000 | I45: 34
A46: =IF(B46<>"",ROW()-11,"") -> 35 | B46: 45886 | E46: =IF(B46<>"",E45+C46-D46,"") -> 120000 | I46: 35
A47: =IF(B47<>"",ROW()-11,"") -> 36 | B47: 45887 | E47: =IF(B47<>"",E46+C47-D47,"") -> 120000 | I47: 36
A48: =IF(B48<>"",ROW()-11,"") -> 37 | B48: 45888 | C48: 5000 | E48: =IF(B48<>"",E47+C48-D48,"") -> 125000 | I48: 37
A49: =IF(B49<>"",ROW()-11,"") -> 38 | B49: 45889 | C49: 5000 | E49: =IF(B49<>"",E48+C49-D49,"") -> 130000 | I49: 38
A50: =IF(B50<>"",ROW()-11,"") -> 39 | B50: 45890 | E50: =IF(B50<>"",E49+C50-D50,"") -> 130000 | I50: 39
A51: =IF(B51<>"",ROW()-11,"") -> 40 | B51: 45891 | E51: =IF(B51<>"",E50+C51-D51,"") -> 130000 | I51: 40
A52: =IF(B52<>"",ROW()-11,"") -> 41 | B52: 45892 | E52: =IF(B52<>"",E51+C52-D52,"") -> 130000 | I52: 41
A53: =IF(B53<>"",ROW()-11,"") -> 42 | B53: 45893 | E53: =IF(B53<>"",E52+C53-D53,"") -> 130000 | I53: 42
A54: =IF(B54<>"",ROW()-11,"") -> 43 | B54: 45894 | E54: =IF(B54<>"",E53+C54-D54,"") -> 130000 | I54: 43
A55: =IF(B55<>"",ROW()-11,"") -> 44 | B55: 45895 | E55: =IF(B55<>"",E54+C55-D55,"") -> 130000 | I55: 44
A56: =IF(B56<>"",ROW()-11,"") -> 45 | B56: 45896 | E56: =IF(B56<>"",E55+C56-D56,"") -> 130000 | I56: 45
A57: =IF(B57<>"",ROW()-11,"") -> 46 | B57: 45897 | E57: =IF(B57<>"",E56+C57-D57,"") -> 130000 | I57: 46
A58: =IF(B58<>"",ROW()-11,"") -> 47 | B58: 45898 | E58: =IF(B58<>"",E57+C58-D58,"") -> 130000 | I58: 47
A59: =IF(B59<>"",ROW()-11,"") -> 48 | B59: 45899 | E59: =IF(B59<>"",E58+C59-D59,"") -> 130000 | I59: 48
A60: =IF(B60<>"",ROW()-11,"") -> 49 | B60: 45900 | E60: =IF(B60<>"",E59+C60-D60,"") -> 130000 | I60: 49
A61: =IF(B61<>"",ROW()-11,"") -> 50 | B61: 45901 | E61: =IF(B61<>"",E60+C61-D61,"") -> 130000 | I61: 50
... A74: =IF(B74<>"",ROW()-11,"") -> 63 | B74: 45914 | E74: =IF(B74<>"",E73+C74-D74,"") -> 130000 | I74: 63
A75: =IF(B75<>"",ROW()-11,"") -> 64 | B75: 45915 | C75: 5000 | E75: =IF(B75<>"",E74+C75-D75,"") -> 135000 | I75: 64
A76: =IF(B76<>"",ROW()-11,"") -> 65 | B76: 45916 | E76: =IF(B76<>"",E75+C76-D76,"") -> 135000 | I76: 65
A77: =IF(B77<>"",ROW()-11,"") -> 66 | B77: 45917 | E77: =IF(B77<>"",E76+C77-D77,"") -> 135000 | I77: 66
A78: =IF(B78<>"",ROW()-11,"") -> 67 | B78: 45918 | E78: =IF(B78<>"",E77+C78-D78,"") -> 135000 | I78: 67
A79: =IF(B79<>"",ROW()-11,"") -> 68 | B79: 45919 | E79: =IF(B79<>"",E78+C79-D79,"") -> 135000 | I79: 68
A80: =IF(B80<>"",ROW()-11,"") -> 69 | B80: 45920 | E80: =IF(B80<>"",E79+C80-D80,"") -> 135000 | I80: 69
A81: =IF(B81<>"",ROW()-11,"") -> 70 | B81: 45921 | E81: =IF(B81<>"",E80+C81-D81,"") -> 135000 | I81: 70
A82: =IF(B82<>"",ROW()-11,"") -> 71 | B82: 45922 | E82: =IF(B82<>"",E81+C82-D82,"") -> 135000 | I82: 71
A83: =IF(B83<>"",ROW()-11,"") -> 72 | B83: 45923 | E83: =IF(B83<>"",E82+C83-D83,"") -> 135000 | I83: 72
A84: =IF(B84<>"",ROW()-11,"") -> 73 | B84: 45924 | E84: =IF(B84<>"",E83+C84-D84,"") -> 135000 | I84: 73
A85: =IF(B85<>"",ROW()-11,"") -> 74 | B85: 45925 | E85: =IF(B85<>"",E84+C85-D85,"") -> 135000 | I85: 74
A86: =IF(B86<>"",ROW()-11,"") -> 75 | B86: 45926 | E86: =IF(B86<>"",E85+C86-D86,"") -> 135000 | I86: 75
A87: =IF(B87<>"",ROW()-11,"") -> 76 | B87: 45927 | E87: =IF(B87<>"",E86+C87-D87,"") -> 135000 | I87: 76
... A376: =IF(B376<>"",ROW()-11,"") -> 365 | B376: 46216 | E376: =IF(B376<>"",E375+C376-D376,"") -> 135000 | I376: 365

Sheet 26
A1: BUKU TABUNGAN SISWA
A3: Nama | C3: =Sheet1!C34 -> RIKI BAYU KRISTI
A4: NIS | C4: =Sheet1!B34 -> 231001310
A5: Kelas | C5: =Sheet1!C4 -> XII - OTKP 1
A6: Jumlah Setoran | C6: =SUM(C12:C376) -> 11000
A7: Jumlah Penarikan | C7: =SUM(D12:D376) -> 0
A8: Saldo Tabungan | C8: =SUM(C6-C7) -> 11000
A11: NO | B11: TANGGAL | C11: SETORAN | D11: PENARIKAN | E11: SALDO
A12: =IF(B12<>"",ROW()-11,"") -> 1 | B12: 45852 | C12: 11000 | E12: =IF(B12<>"",C12-D12,"") -> 11000 | I12: 1
A13: =IF(B13<>"",ROW()-11,"") -> 2 | B13: 45853 | E13: =IF(B13<>"",E12+C13-D13,"") -> 11000 | I13: 2
A14: =IF(B14<>"",ROW()-11,"") -> 3 | B14: 45854 | E14: =IF(B14<>"",E13+C14-D14,"") -> 11000 | I14: 3
A15: =IF(B15<>"",ROW()-11,"") -> 4 | B15: 45855 | E15: =IF(B15<>"",E14+C15-D15,"") -> 11000 | I15: 4
A16: =IF(B16<>"",ROW()-11,"") -> 5 | B16: 45856 | E16: =IF(B16<>"",E15+C16-D16,"") -> 11000 | I16: 5
A17: =IF(B17<>"",ROW()-11,"") -> 6 | B17: 45857 | E17: =IF(B17<>"",E16+C17-D17,"") -> 11000 | I17: 6
A18: =IF(B18<>"",ROW()-11,"") -> 7 | B18: 45858 | E18: =IF(B18<>"",E17+C18-D18,"") -> 11000 | I18: 7
A19: =IF(B19<>"",ROW()-11,"") -> 8 | B19: 45859 | E19: =IF(B19<>"",E18+C19-D19,"") -> 11000 | I19: 8
A20: =IF(B20<>"",ROW()-11,"") -> 9 | B20: 45860 | E20: =IF(B20<>"",E19+C20-D20,"") -> 11000 | I20: 9
A21: =IF(B21<>"",ROW()-11,"") -> 10 | B21: 45861 | E21: =IF(B21<>"",E20+C21-D21,"") -> 11000 | I21: 10
A22: =IF(B22<>"",ROW()-11,"") -> 11 | B22: 45862 | E22: =IF(B22<>"",E21+C22-D22,"") -> 11000 | I22: 11
A23: =IF(B23<>"",ROW()-11,"") -> 12 | B23: 45863 | E23: =IF(B23<>"",E22+C23-D23,"") -> 11000 | I23: 12
A24: =IF(B24<>"",ROW()-11,"") -> 13 | B24: 45864 | E24: =IF(B24<>"",E23+C24-D24,"") -> 11000 | I24: 13
... A376: =IF(B376<>"",ROW()-11,"") -> 365 | B376: 46216 | E376: =IF(B376<>"",E375+C376-D376,"") -> 11000 | I376: 365

Sheet 27
A1: BUKU TABUNGAN SISWA
A3: Nama | C3: =Sheet1!C35 -> RIZKI RIPATULLOH
A4: NIS | C4: =Sheet1!B35 -> 231001311
A5: Kelas | C5: =Sheet1!C4 -> XII - OTKP 1
A6: Jumlah Setoran | C6: =SUM(C12:C376) -> 145000
A7: Jumlah Penarikan | C7: =SUM(D12:D376) -> 0
A8: Saldo Tabungan | C8: =SUM(C6-C7) -> 145000
A11: NO | B11: TANGGAL | C11: SETORAN | D11: PENARIKAN | E11: SALDO
A12: =IF(B12<>"",ROW()-11,"") -> 1 | B12: 45852 | C12: 135000 | E12: =IF(B12<>"",C12-D12,"") -> 135000 | I12: 1
A13: =IF(B13<>"",ROW()-11,"") -> 2 | B13: 45853 | E13: =IF(B13<>"",E12+C13-D13,"") -> 135000 | I13: 2
A14: =IF(B14<>"",ROW()-11,"") -> 3 | B14: 45854 | E14: =IF(B14<>"",E13+C14-D14,"") -> 135000 | I14: 3
A15: =IF(B15<>"",ROW()-11,"") -> 4 | B15: 45855 | E15: =IF(B15<>"",E14+C15-D15,"") -> 135000 | I15: 4
A16: =IF(B16<>"",ROW()-11,"") -> 5 | B16: 45856 | E16: =IF(B16<>"",E15+C16-D16,"") -> 135000 | I16: 5
A17: =IF(B17<>"",ROW()-11,"") -> 6 | B17: 45857 | E17: =IF(B17<>"",E16+C17-D17,"") -> 135000 | I17: 6
A18: =IF(B18<>"",ROW()-11,"") -> 7 | B18: 45858 | E18: =IF(B18<>"",E17+C18-D18,"") -> 135000 | I18: 7
A19: =IF(B19<>"",ROW()-11,"") -> 8 | B19: 45859 | E19: =IF(B19<>"",E18+C19-D19,"") -> 135000 | I19: 8
A20: =IF(B20<>"",ROW()-11,"") -> 9 | B20: 45860 | E20: =IF(B20<>"",E19+C20-D20,"") -> 135000 | I20: 9
A21: =IF(B21<>"",ROW()-11,"") -> 10 | B21: 45861 | E21: =IF(B21<>"",E20+C21-D21,"") -> 135000 | I21: 10
A22: =IF(B22<>"",ROW()-11,"") -> 11 | B22: 45862 | E22: =IF(B22<>"",E21+C22-D22,"") -> 135000 | I22: 11
A23: =IF(B23<>"",ROW()-11,"") -> 12 | B23: 45863 | E23: =IF(B23<>"",E22+C23-D23,"") -> 135000 | I23: 12
A24: =IF(B24<>"",ROW()-11,"") -> 13 | B24: 45864 | E24: =IF(B24<>"",E23+C24-D24,"") -> 135000 | I24: 13
... A26: =IF(B26<>"",ROW()-11,"") -> 15 | B26: 45866 | E26: =IF(B26<>"",E25+C26-D26,"") -> 135000 | I26: 15
A27: =IF(B27<>"",ROW()-11,"") -> 16 | B27: 45867 | C27: 5000 | E27: =IF(B27<>"",E26+C27-D27,"") -> 140000 | I27: 16
A28: =IF(B28<>"",ROW()-11,"") -> 17 | B28: 45868 | E28: =IF(B28<>"",E27+C28-D28,"") -> 140000 | I28: 17
A29: =IF(B29<>"",ROW()-11,"") -> 18 | B29: 45869 | E29: =IF(B29<>"",E28+C29-D29,"") -> 140000 | I29: 18
A30: =IF(B30<>"",ROW()-11,"") -> 19 | B30: 45870 | E30: =IF(B30<>"",E29+C30-D30,"") -> 140000 | I30: 19
A31: =IF(B31<>"",ROW()-11,"") -> 20 | B31: 45871 | E31: =IF(B31<>"",E30+C31-D31,"") -> 140000 | I31: 20
A32: =IF(B32<>"",ROW()-11,"") -> 21 | B32: 45872 | E32: =IF(B32<>"",E31+C32-D32,"") -> 140000 | I32: 21
A33: =IF(B33<>"",ROW()-11,"") -> 22 | B33: 45873 | C33: 5000 | E33: =IF(B33<>"",E32+C33-D33,"") -> 145000 | I33: 22
A34: =IF(B34<>"",ROW()-11,"") -> 23 | B34: 45874 | E34: =IF(B34<>"",E33+C34-D34,"") -> 145000 | I34: 23
A35: =IF(B35<>"",ROW()-11,"") -> 24 | B35: 45875 | E35: =IF(B35<>"",E34+C35-D35,"") -> 145000 | I35: 24
A36: =IF(B36<>"",ROW()-11,"") -> 25 | B36: 45876 | E36: =IF(B36<>"",E35+C36-D36,"") -> 145000 | I36: 25
A37: =IF(B37<>"",ROW()-11,"") -> 26 | B37: 45877 | E37: =IF(B37<>"",E36+C37-D37,"") -> 145000 | I37: 26
A38: =IF(B38<>"",ROW()-11,"") -> 27 | B38: 45878 | E38: =IF(B38<>"",E37+C38-D38,"") -> 145000 | I38: 27
A39: =IF(B39<>"",ROW()-11,"") -> 28 | B39: 45879 | E39: =IF(B39<>"",E38+C39-D39,"") -> 145000 | I39: 28
A40: =IF(B40<>"",ROW()-11,"") -> 29 | B40: 45880 | E40: =IF(B40<>"",E39+C40-D40,"") -> 145000 | I40: 29
A41: =IF(B41<>"",ROW()-11,"") -> 30 | B41: 45881 | E41: =IF(B41<>"",E40+C41-D41,"") -> 145000 | I41: 30
A42: =IF(B42<>"",ROW()-11,"") -> 31 | B42: 45882 | E42: =IF(B42<>"",E41+C42-D42,"") -> 145000 | I42: 31
A43: =IF(B43<>"",ROW()-11,"") -> 32 | B43: 45883 | E43: =IF(B43<>"",E42+C43-D43,"") -> 145000 | I43: 32
A44: =IF(B44<>"",ROW()-11,"") -> 33 | B44: 45884 | E44: =IF(B44<>"",E43+C44-D44,"") -> 145000 | I44: 33
A45: =IF(B45<>"",ROW()-11,"") -> 34 | B45: 45885 | E45: =IF(B45<>"",E44+C45-D45,"") -> 145000 | I45: 34
... A376: =IF(B376<>"",ROW()-11,"") -> 365 | B376: 46216 | E376: =IF(B376<>"",E375+C376-D376,"") -> 145000 | I376: 365

Sheet 28
A1: BUKU TABUNGAN SISWA
A3: Nama | C3: =Sheet1!C36 -> SALSA NABILA NUR FITRIA
A4: NIS | C4: =Sheet1!B36 -> 231001312
A5: Kelas | C5: =Sheet1!C4 -> XII - OTKP 1
A6: Jumlah Setoran | C6: =SUM(C12:C376) -> 79000
A7: Jumlah Penarikan | C7: =SUM(D12:D376) -> 50000
A8: Saldo Tabungan | C8: =SUM(C6-C7) -> 29000
A11: NO | B11: TANGGAL | C11: SETORAN | D11: PENARIKAN | E11: SALDO
A12: =IF(B12<>"",ROW()-11,"") -> 1 | B12: 45852 | C12: 56000 | E12: =IF(B12<>"",C12-D12,"") -> 56000 | I12: 1
A13: =IF(B13<>"",ROW()-11,"") -> 2 | B13: 45853 | E13: =IF(B13<>"",E12+C13-D13,"") -> 56000 | I13: 2
A14: =IF(B14<>"",ROW()-11,"") -> 3 | B14: 45854 | E14: =IF(B14<>"",E13+C14-D14,"") -> 56000 | I14: 3
A15: =IF(B15<>"",ROW()-11,"") -> 4 | B15: 45855 | E15: =IF(B15<>"",E14+C15-D15,"") -> 56000 | I15: 4
A16: =IF(B16<>"",ROW()-11,"") -> 5 | B16: 45856 | E16: =IF(B16<>"",E15+C16-D16,"") -> 56000 | I16: 5
A17: =IF(B17<>"",ROW()-11,"") -> 6 | B17: 45857 | E17: =IF(B17<>"",E16+C17-D17,"") -> 56000 | I17: 6
A18: =IF(B18<>"",ROW()-11,"") -> 7 | B18: 45858 | E18: =IF(B18<>"",E17+C18-D18,"") -> 56000 | I18: 7
A19: =IF(B19<>"",ROW()-11,"") -> 8 | B19: 45859 | E19: =IF(B19<>"",E18+C19-D19,"") -> 56000 | I19: 8
A20: =IF(B20<>"",ROW()-11,"") -> 9 | B20: 45860 | E20: =IF(B20<>"",E19+C20-D20,"") -> 56000 | I20: 9
A21: =IF(B21<>"",ROW()-11,"") -> 10 | B21: 45861 | E21: =IF(B21<>"",E20+C21-D21,"") -> 56000 | I21: 10
A22: =IF(B22<>"",ROW()-11,"") -> 11 | B22: 45862 | C22: 2000 | E22: =IF(B22<>"",E21+C22-D22,"") -> 58000 | I22: 11
A23: =IF(B23<>"",ROW()-11,"") -> 12 | B23: 45863 | E23: =IF(B23<>"",E22+C23-D23,"") -> 58000 | I23: 12
A24: =IF(B24<>"",ROW()-11,"") -> 13 | B24: 45864 | E24: =IF(B24<>"",E23+C24-D24,"") -> 58000 | I24: 13
A25: =IF(B25<>"",ROW()-11,"") -> 14 | B25: 45865 | E25: =IF(B25<>"",E24+C25-D25,"") -> 58000 | I25: 14
A26: =IF(B26<>"",ROW()-11,"") -> 15 | B26: 45866 | E26: =IF(B26<>"",E25+C26-D26,"") -> 58000 | I26: 15
A27: =IF(B27<>"",ROW()-11,"") -> 16 | B27: 45867 | E27: =IF(B27<>"",E26+C27-D27,"") -> 58000 | I27: 16
A28: =IF(B28<>"",ROW()-11,"") -> 17 | B28: 45868 | C28: 2000 | E28: =IF(B28<>"",E27+C28-D28,"") -> 60000 | I28: 17
A29: =IF(B29<>"",ROW()-11,"") -> 18 | B29: 45869 | E29: =IF(B29<>"",E28+C29-D29,"") -> 60000 | I29: 18
A30: =IF(B30<>"",ROW()-11,"") -> 19 | B30: 45870 | E30: =IF(B30<>"",E29+C30-D30,"") -> 60000 | I30: 19
A31: =IF(B31<>"",ROW()-11,"") -> 20 | B31: 45871 | E31: =IF(B31<>"",E30+C31-D31,"") -> 60000 | I31: 20
A32: =IF(B32<>"",ROW()-11,"") -> 21 | B32: 45872 | E32: =IF(B32<>"",E31+C32-D32,"") -> 60000 | I32: 21
A33: =IF(B33<>"",ROW()-11,"") -> 22 | B33: 45873 | C33: 2000 | E33: =IF(B33<>"",E32+C33-D33,"") -> 62000 | I33: 22
A34: =IF(B34<>"",ROW()-11,"") -> 23 | B34: 45874 | E34: =IF(B34<>"",E33+C34-D34,"") -> 62000 | I34: 23
A35: =IF(B35<>"",ROW()-11,"") -> 24 | B35: 45875 | E35: =IF(B35<>"",E34+C35-D35,"") -> 62000 | I35: 24
A36: =IF(B36<>"",ROW()-11,"") -> 25 | B36: 45876 | E36: =IF(B36<>"",E35+C36-D36,"") -> 62000 | I36: 25
A37: =IF(B37<>"",ROW()-11,"") -> 26 | B37: 45877 | C37: 2000 | E37: =IF(B37<>"",E36+C37-D37,"") -> 64000 | I37: 26
A38: =IF(B38<>"",ROW()-11,"") -> 27 | B38: 45878 | E38: =IF(B38<>"",E37+C38-D38,"") -> 64000 | I38: 27
A39: =IF(B39<>"",ROW()-11,"") -> 28 | B39: 45879 | E39: =IF(B39<>"",E38+C39-D39,"") -> 64000 | I39: 28
A40: =IF(B40<>"",ROW()-11,"") -> 29 | B40: 45880 | C40: 2000 | E40: =IF(B40<>"",E39+C40-D40,"") -> 66000 | I40: 29
A41: =IF(B41<>"",ROW()-11,"") -> 30 | B41: 45881 | E41: =IF(B41<>"",E40+C41-D41,"") -> 66000 | I41: 30
A42: =IF(B42<>"",ROW()-11,"") -> 31 | B42: 45882 | E42: =IF(B42<>"",E41+C42-D42,"") -> 66000 | I42: 31
A43: =IF(B43<>"",ROW()-11,"") -> 32 | B43: 45883 | E43: =IF(B43<>"",E42+C43-D43,"") -> 66000 | I43: 32
A44: =IF(B44<>"",ROW()-11,"") -> 33 | B44: 45884 | E44: =IF(B44<>"",E43+C44-D44,"") -> 66000 | I44: 33
A45: =IF(B45<>"",ROW()-11,"") -> 34 | B45: 45885 | E45: =IF(B45<>"",E44+C45-D45,"") -> 66000 | I45: 34
A46: =IF(B46<>"",ROW()-11,"") -> 35 | B46: 45886 | E46: =IF(B46<>"",E45+C46-D46,"") -> 66000 | I46: 35
A47: =IF(B47<>"",ROW()-11,"") -> 36 | B47: 45887 | E47: =IF(B47<>"",E46+C47-D47,"") -> 66000 | I47: 36
A48: =IF(B48<>"",ROW()-11,"") -> 37 | B48: 45888 | C48: 3000 | E48: =IF(B48<>"",E47+C48-D48,"") -> 69000 | I48: 37
A49: =IF(B49<>"",ROW()-11,"") -> 38 | B49: 45889 | E49: =IF(B49<>"",E48+C49-D49,"") -> 69000 | I49: 38
A50: =IF(B50<>"",ROW()-11,"") -> 39 | B50: 45890 | C50: 2000 | E50: =IF(B50<>"",E49+C50-D50,"") -> 71000 | I50: 39
A51: =IF(B51<>"",ROW()-11,"") -> 40 | B51: 45891 | E51: =IF(B51<>"",E50+C51-D51,"") -> 71000 | I51: 40
A52: =IF(B52<>"",ROW()-11,"") -> 41 | B52: 45892 | E52: =IF(B52<>"",E51+C52-D52,"") -> 71000 | I52: 41
A53: =IF(B53<>"",ROW()-11,"") -> 42 | B53: 45893 | E53: =IF(B53<>"",E52+C53-D53,"") -> 71000 | I53: 42
A54: =IF(B54<>"",ROW()-11,"") -> 43 | B54: 45894 | E54: =IF(B54<>"",E53+C54-D54,"") -> 71000 | I54: 43
A55: =IF(B55<>"",ROW()-11,"") -> 44 | B55: 45895 | E55: =IF(B55<>"",E54+C55-D55,"") -> 71000 | I55: 44
A56: =IF(B56<>"",ROW()-11,"") -> 45 | B56: 45896 | E56: =IF(B56<>"",E55+C56-D56,"") -> 71000 | I56: 45
A57: =IF(B57<>"",ROW()-11,"") -> 46 | B57: 45897 | E57: =IF(B57<>"",E56+C57-D57,"") -> 71000 | I57: 46
A58: =IF(B58<>"",ROW()-11,"") -> 47 | B58: 45898 | E58: =IF(B58<>"",E57+C58-D58,"") -> 71000 | I58: 47
A59: =IF(B59<>"",ROW()-11,"") -> 48 | B59: 45899 | E59: =IF(B59<>"",E58+C59-D59,"") -> 71000 | I59: 48
A60: =IF(B60<>"",ROW()-11,"") -> 49 | B60: 45900 | E60: =IF(B60<>"",E59+C60-D60,"") -> 71000 | I60: 49
A61: =IF(B61<>"",ROW()-11,"") -> 50 | B61: 45901 | E61: =IF(B61<>"",E60+C61-D61,"") -> 71000 | I61: 50
A62: =IF(B62<>"",ROW()-11,"") -> 51 | B62: 45902 | E62: =IF(B62<>"",E61+C62-D62,"") -> 71000 | I62: 51
... A78: =IF(B78<>"",ROW()-11,"") -> 67 | B78: 45918 | E78: =IF(B78<>"",E77+C78-D78,"") -> 71000 | I78: 67
A79: =IF(B79<>"",ROW()-11,"") -> 68 | B79: 45919 | D79: 50000 | E79: =IF(B79<>"",E78+C79-D79,"") -> 21000 | I79: 68
A80: =IF(B80<>"",ROW()-11,"") -> 69 | B80: 45920 | E80: =IF(B80<>"",E79+C80-D80,"") -> 21000 | I80: 69
A81: =IF(B81<>"",ROW()-11,"") -> 70 | B81: 45921 | E81: =IF(B81<>"",E80+C81-D81,"") -> 21000 | I81: 70
A82: =IF(B82<>"",ROW()-11,"") -> 71 | B82: 45922 | E82: =IF(B82<>"",E81+C82-D82,"") -> 21000 | I82: 71
A83: =IF(B83<>"",ROW()-11,"") -> 72 | B83: 45923 | E83: =IF(B83<>"",E82+C83-D83,"") -> 21000 | I83: 72
A84: =IF(B84<>"",ROW()-11,"") -> 73 | B84: 45924 | E84: =IF(B84<>"",E83+C84-D84,"") -> 21000 | I84: 73
A85: =IF(B85<>"",ROW()-11,"") -> 74 | B85: 45925 | E85: =IF(B85<>"",E84+C85-D85,"") -> 21000 | I85: 74
A86: =IF(B86<>"",ROW()-11,"") -> 75 | B86: 45926 | E86: =IF(B86<>"",E85+C86-D86,"") -> 21000 | I86: 75
A87: =IF(B87<>"",ROW()-11,"") -> 76 | B87: 45927 | E87: =IF(B87<>"",E86+C87-D87,"") -> 21000 | I87: 76
A88: =IF(B88<>"",ROW()-11,"") -> 77 | B88: 45928 | E88: =IF(B88<>"",E87+C88-D88,"") -> 21000 | I88: 77
A89: =IF(B89<>"",ROW()-11,"") -> 78 | B89: 45929 | E89: =IF(B89<>"",E88+C89-D89,"") -> 21000 | I89: 78
A90: =IF(B90<>"",ROW()-11,"") -> 79 | B90: 45930 | E90: =IF(B90<>"",E89+C90-D90,"") -> 21000 | I90: 79
A91: =IF(B91<>"",ROW()-11,"") -> 80 | B91: 45931 | E91: =IF(B91<>"",E90+C91-D91,"") -> 21000 | I91: 80
A92: =IF(B92<>"",ROW()-11,"") -> 81 | B92: 45932 | C92: 4000 | E92: =IF(B92<>"",E91+C92-D92,"") -> 25000 | I92: 81
A93: =IF(B93<>"",ROW()-11,"") -> 82 | B93: 45933 | E93: =IF(B93<>"",E92+C93-D93,"") -> 25000 | I93: 82
A94: =IF(B94<>"",ROW()-11,"") -> 83 | B94: 45934 | E94: =IF(B94<>"",E93+C94-D94,"") -> 25000 | I94: 83
A95: =IF(B95<>"",ROW()-11,"") -> 84 | B95: 45935 | E95: =IF(B95<>"",E94+C95-D95,"") -> 25000 | I95: 84
A96: =IF(B96<>"",ROW()-11,"") -> 85 | B96: 45936 | E96: =IF(B96<>"",E95+C96-D96,"") -> 25000 | I96: 85
A97: =IF(B97<>"",ROW()-11,"") -> 86 | B97: 45937 | E97: =IF(B97<>"",E96+C97-D97,"") -> 25000 | I97: 86
A98: =IF(B98<>"",ROW()-11,"") -> 87 | B98: 45938 | E98: =IF(B98<>"",E97+C98-D98,"") -> 25000 | I98: 87
A99: =IF(B99<>"",ROW()-11,"") -> 88 | B99: 45939 | E99: =IF(B99<>"",E98+C99-D99,"") -> 25000 | I99: 88
A100: =IF(B100<>"",ROW()-11,"") -> 89 | B100: 45940 | E100: =IF(B100<>"",E99+C100-D100,"") -> 25000 | I100: 89
A101: =IF(B101<>"",ROW()-11,"") -> 90 | B101: 45941 | E101: =IF(B101<>"",E100+C101-D101,"") -> 25000 | I101: 90
A102: =IF(B102<>"",ROW()-11,"") -> 91 | B102: 45942 | E102: =IF(B102<>"",E101+C102-D102,"") -> 25000 | I102: 91
A103: =IF(B103<>"",ROW()-11,"") -> 92 | B103: 45943 | E103: =IF(B103<>"",E102+C103-D103,"") -> 25000 | I103: 92
A104: =IF(B104<>"",ROW()-11,"") -> 93 | B104: 45944 | E104: =IF(B104<>"",E103+C104-D104,"") -> 25000 | I104: 93
A105: =IF(B105<>"",ROW()-11,"") -> 94 | B105: 45945 | C105: 2000 | E105: =IF(B105<>"",E104+C105-D105,"") -> 27000 | I105: 94
A106: =IF(B106<>"",ROW()-11,"") -> 95 | B106: 45946 | C106: 2000 | E106: =IF(B106<>"",E105+C106-D106,"") -> 29000 | I106: 95
A107: =IF(B107<>"",ROW()-11,"") -> 96 | B107: 45947 | E107: =IF(B107<>"",E106+C107-D107,"") -> 29000 | I107: 96
A108: =IF(B108<>"",ROW()-11,"") -> 97 | B108: 45948 | E108: =IF(B108<>"",E107+C108-D108,"") -> 29000 | I108: 97
A109: =IF(B109<>"",ROW()-11,"") -> 98 | B109: 45949 | E109: =IF(B109<>"",E108+C109-D109,"") -> 29000 | I109: 98
A110: =IF(B110<>"",ROW()-11,"") -> 99 | B110: 45950 | E110: =IF(B110<>"",E109+C110-D110,"") -> 29000 | I110: 99
A111: =IF(B111<>"",ROW()-11,"") -> 100 | B111: 45951 | E111: =IF(B111<>"",E110+C111-D111,"") -> 29000 | I111: 100
A112: =IF(B112<>"",ROW()-11,"") -> 101 | B112: 45952 | E112: =IF(B112<>"",E111+C112-D112,"") -> 29000 | I112: 101
A113: =IF(B113<>"",ROW()-11,"") -> 102 | B113: 45953 | E113: =IF(B113<>"",E112+C113-D113,"") -> 29000 | I113: 102
A114: =IF(B114<>"",ROW()-11,"") -> 103 | B114: 45954 | E114: =IF(B114<>"",E113+C114-D114,"") -> 29000 | I114: 103
A115: =IF(B115<>"",ROW()-11,"") -> 104 | B115: 45955 | E115: =IF(B115<>"",E114+C115-D115,"") -> 29000 | I115: 104
A116: =IF(B116<>"",ROW()-11,"") -> 105 | B116: 45956 | E116: =IF(B116<>"",E115+C116-D116,"") -> 29000 | I116: 105
A117: =IF(B117<>"",ROW()-11,"") -> 106 | B117: 45957 | E117: =IF(B117<>"",E116+C117-D117,"") -> 29000 | I117: 106
A118: =IF(B118<>"",ROW()-11,"") -> 107 | B118: 45958 | E118: =IF(B118<>"",E117+C118-D118,"") -> 29000 | I118: 107
...

Sheet 29
A1: BUKU TABUNGAN SISWA
A3: Nama | C3: =Sheet1!C37 -> SHYSIL HERLYA RAMADHANI
A4: NIS | C4: =Sheet1!B37 -> 231001314
A5: Kelas | C5: =Sheet1!C4 -> XII - OTKP 1
A6: Jumlah Setoran | C6: =SUM(C12:C376) -> 94000
A7: Jumlah Penarikan | C7: =SUM(D12:D376) -> 0
A8: Saldo Tabungan | C8: =SUM(C6-C7) -> 94000
A11: NO | B11: TANGGAL | C11: SETORAN | D11: PENARIKAN | E11: SALDO
A12: =IF(B12<>"",ROW()-11,"") -> 1 | B12: 45852 | C12: 29000 | E12: =IF(B12<>"",C12-D12,"") -> 29000 | I12: 1
A13: =IF(B13<>"",ROW()-11,"") -> 2 | B13: 45853 | E13: =IF(B13<>"",E12+C13-D13,"") -> 29000 | I13: 2
A14: =IF(B14<>"",ROW()-11,"") -> 3 | B14: 45854 | E14: =IF(B14<>"",E13+C14-D14,"") -> 29000 | I14: 3
A15: =IF(B15<>"",ROW()-11,"") -> 4 | B15: 45855 | E15: =IF(B15<>"",E14+C15-D15,"") -> 29000 | I15: 4
A16: =IF(B16<>"",ROW()-11,"") -> 5 | B16: 45856 | E16: =IF(B16<>"",E15+C16-D16,"") -> 29000 | I16: 5
A17: =IF(B17<>"",ROW()-11,"") -> 6 | B17: 45857 | E17: =IF(B17<>"",E16+C17-D17,"") -> 29000 | I17: 6
A18: =IF(B18<>"",ROW()-11,"") -> 7 | B18: 45858 | E18: =IF(B18<>"",E17+C18-D18,"") -> 29000 | I18: 7
A19: =IF(B19<>"",ROW()-11,"") -> 8 | B19: 45859 | E19: =IF(B19<>"",E18+C19-D19,"") -> 29000 | I19: 8
A20: =IF(B20<>"",ROW()-11,"") -> 9 | B20: 45860 | E20: =IF(B20<>"",E19+C20-D20,"") -> 29000 | I20: 9
A21: =IF(B21<>"",ROW()-11,"") -> 10 | B21: 45861 | E21: =IF(B21<>"",E20+C21-D21,"") -> 29000 | I21: 10
A22: =IF(B22<>"",ROW()-11,"") -> 11 | B22: 45862 | E22: =IF(B22<>"",E21+C22-D22,"") -> 29000 | I22: 11
A23: =IF(B23<>"",ROW()-11,"") -> 12 | B23: 45863 | E23: =IF(B23<>"",E22+C23-D23,"") -> 29000 | I23: 12
A24: =IF(B24<>"",ROW()-11,"") -> 13 | B24: 45864 | E24: =IF(B24<>"",E23+C24-D24,"") -> 29000 | I24: 13
... A28: =IF(B28<>"",ROW()-11,"") -> 17 | B28: 45868 | E28: =IF(B28<>"",E27+C28-D28,"") -> 29000 | I28: 17
A29: =IF(B29<>"",ROW()-11,"") -> 18 | B29: 45869 | C29: 5000 | E29: =IF(B29<>"",E28+C29-D29,"") -> 34000 | I29: 18
A30: =IF(B30<>"",ROW()-11,"") -> 19 | B30: 45870 | C30: 5000 | E30: =IF(B30<>"",E29+C30-D30,"") -> 39000 | I30: 19
A31: =IF(B31<>"",ROW()-11,"") -> 20 | B31: 45871 | E31: =IF(B31<>"",E30+C31-D31,"") -> 39000 | I31: 20
A32: =IF(B32<>"",ROW()-11,"") -> 21 | B32: 45872 | E32: =IF(B32<>"",E31+C32-D32,"") -> 39000 | I32: 21
A33: =IF(B33<>"",ROW()-11,"") -> 22 | B33: 45873 | C33: 5000 | E33: =IF(B33<>"",E32+C33-D33,"") -> 44000 | I33: 22
A34: =IF(B34<>"",ROW()-11,"") -> 23 | B34: 45874 | E34: =IF(B34<>"",E33+C34-D34,"") -> 44000 | I34: 23
A35: =IF(B35<>"",ROW()-11,"") -> 24 | B35: 45875 | E35: =IF(B35<>"",E34+C35-D35,"") -> 44000 | I35: 24
A36: =IF(B36<>"",ROW()-11,"") -> 25 | B36: 45876 | C36: 5000 | E36: =IF(B36<>"",E35+C36-D36,"") -> 49000 | I36: 25
A37: =IF(B37<>"",ROW()-11,"") -> 26 | B37: 45877 | E37: =IF(B37<>"",E36+C37-D37,"") -> 49000 | I37: 26
A38: =IF(B38<>"",ROW()-11,"") -> 27 | B38: 45878 | E38: =IF(B38<>"",E37+C38-D38,"") -> 49000 | I38: 27
A39: =IF(B39<>"",ROW()-11,"") -> 28 | B39: 45879 | E39: =IF(B39<>"",E38+C39-D39,"") -> 49000 | I39: 28
A40: =IF(B40<>"",ROW()-11,"") -> 29 | B40: 45880 | C40: 5000 | E40: =IF(B40<>"",E39+C40-D40,"") -> 54000 | I40: 29
A41: =IF(B41<>"",ROW()-11,"") -> 30 | B41: 45881 | C41: 5000 | E41: =IF(B41<>"",E40+C41-D41,"") -> 59000 | I41: 30
A42: =IF(B42<>"",ROW()-11,"") -> 31 | B42: 45882 | E42: =IF(B42<>"",E41+C42-D42,"") -> 59000 | I42: 31
A43: =IF(B43<>"",ROW()-11,"") -> 32 | B43: 45883 | E43: =IF(B43<>"",E42+C43-D43,"") -> 59000 | I43: 32
A44: =IF(B44<>"",ROW()-11,"") -> 33 | B44: 45884 | E44: =IF(B44<>"",E43+C44-D44,"") -> 59000 | I44: 33
A45: =IF(B45<>"",ROW()-11,"") -> 34 | B45: 45885 | E45: =IF(B45<>"",E44+C45-D45,"") -> 59000 | I45: 34
A46: =IF(B46<>"",ROW()-11,"") -> 35 | B46: 45886 | E46: =IF(B46<>"",E45+C46-D46,"") -> 59000 | I46: 35
A47: =IF(B47<>"",ROW()-11,"") -> 36 | B47: 45887 | E47: =IF(B47<>"",E46+C47-D47,"") -> 59000 | I47: 36
A48: =IF(B48<>"",ROW()-11,"") -> 37 | B48: 45888 | E48: =IF(B48<>"",E47+C48-D48,"") -> 59000 | I48: 37
A49: =IF(B49<>"",ROW()-11,"") -> 38 | B49: 45889 | C49: 5000 | E49: =IF(B49<>"",E48+C49-D49,"") -> 64000 | I49: 38
A50: =IF(B50<>"",ROW()-11,"") -> 39 | B50: 45890 | C50: 5000 | E50: =IF(B50<>"",E49+C50-D50,"") -> 69000 | I50: 39
A51: =IF(B51<>"",ROW()-11,"") -> 40 | B51: 45891 | E51: =IF(B51<>"",E50+C51-D51,"") -> 69000 | I51: 40
A52: =IF(B52<>"",ROW()-11,"") -> 41 | B52: 45892 | E52: =IF(B52<>"",E51+C52-D52,"") -> 69000 | I52: 41
A53: =IF(B53<>"",ROW()-11,"") -> 42 | B53: 45893 | E53: =IF(B53<>"",E52+C53-D53,"") -> 69000 | I53: 42
A54: =IF(B54<>"",ROW()-11,"") -> 43 | B54: 45894 | C54: 5000 | E54: =IF(B54<>"",E53+C54-D54,"") -> 74000 | I54: 43
A55: =IF(B55<>"",ROW()-11,"") -> 44 | B55: 45895 | E55: =IF(B55<>"",E54+C55-D55,"") -> 74000 | I55: 44
A56: =IF(B56<>"",ROW()-11,"") -> 45 | B56: 45896 | E56: =IF(B56<>"",E55+C56-D56,"") -> 74000 | I56: 45
A57: =IF(B57<>"",ROW()-11,"") -> 46 | B57: 45897 | E57: =IF(B57<>"",E56+C57-D57,"") -> 74000 | I57: 46
A58: =IF(B58<>"",ROW()-11,"") -> 47 | B58: 45898 | E58: =IF(B58<>"",E57+C58-D58,"") -> 74000 | I58: 47
A59: =IF(B59<>"",ROW()-11,"") -> 48 | B59: 45899 | E59: =IF(B59<>"",E58+C59-D59,"") -> 74000 | I59: 48
A60: =IF(B60<>"",ROW()-11,"") -> 49 | B60: 45900 | E60: =IF(B60<>"",E59+C60-D60,"") -> 74000 | I60: 49
A61: =IF(B61<>"",ROW()-11,"") -> 50 | B61: 45901 | E61: =IF(B61<>"",E60+C61-D61,"") -> 74000 | I61: 50
A62: =IF(B62<>"",ROW()-11,"") -> 51 | B62: 45902 | E62: =IF(B62<>"",E61+C62-D62,"") -> 74000 | I62: 51
A63: =IF(B63<>"",ROW()-11,"") -> 52 | B63: 45903 | C63: 5000 | E63: =IF(B63<>"",E62+C63-D63,"") -> 79000 | I63: 52
A64: =IF(B64<>"",ROW()-11,"") -> 53 | B64: 45904 | E64: =IF(B64<>"",E63+C64-D64,"") -> 79000 | I64: 53
A65: =IF(B65<>"",ROW()-11,"") -> 54 | B65: 45905 | E65: =IF(B65<>"",E64+C65-D65,"") -> 79000 | I65: 54
A66: =IF(B66<>"",ROW()-11,"") -> 55 | B66: 45906 | E66: =IF(B66<>"",E65+C66-D66,"") -> 79000 | I66: 55
A67: =IF(B67<>"",ROW()-11,"") -> 56 | B67: 45907 | E67: =IF(B67<>"",E66+C67-D67,"") -> 79000 | I67: 56
A68: =IF(B68<>"",ROW()-11,"") -> 57 | B68: 45908 | E68: =IF(B68<>"",E67+C68-D68,"") -> 79000 | I68: 57
A69: =IF(B69<>"",ROW()-11,"") -> 58 | B69: 45909 | E69: =IF(B69<>"",E68+C69-D69,"") -> 79000 | I69: 58
A70: =IF(B70<>"",ROW()-11,"") -> 59 | B70: 45910 | E70: =IF(B70<>"",E69+C70-D70,"") -> 79000 | I70: 59
A71: =IF(B71<>"",ROW()-11,"") -> 60 | B71: 45911 | E71: =IF(B71<>"",E70+C71-D71,"") -> 79000 | I71: 60
A72: =IF(B72<>"",ROW()-11,"") -> 61 | B72: 45912 | E72: =IF(B72<>"",E71+C72-D72,"") -> 79000 | I72: 61
A73: =IF(B73<>"",ROW()-11,"") -> 62 | B73: 45913 | E73: =IF(B73<>"",E72+C73-D73,"") -> 79000 | I73: 62
A74: =IF(B74<>"",ROW()-11,"") -> 63 | B74: 45914 | E74: =IF(B74<>"",E73+C74-D74,"") -> 79000 | I74: 63
A75: =IF(B75<>"",ROW()-11,"") -> 64 | B75: 45915 | E75: =IF(B75<>"",E74+C75-D75,"") -> 79000 | I75: 64
A76: =IF(B76<>"",ROW()-11,"") -> 65 | B76: 45916 | E76: =IF(B76<>"",E75+C76-D76,"") -> 79000 | I76: 65
A77: =IF(B77<>"",ROW()-11,"") -> 66 | B77: 45917 | C77: 5000 | E77: =IF(B77<>"",E76+C77-D77,"") -> 84000 | I77: 66
A78: =IF(B78<>"",ROW()-11,"") -> 67 | B78: 45918 | E78: =IF(B78<>"",E77+C78-D78,"") -> 84000 | I78: 67
A79: =IF(B79<>"",ROW()-11,"") -> 68 | B79: 45919 | E79: =IF(B79<>"",E78+C79-D79,"") -> 84000 | I79: 68
A80: =IF(B80<>"",ROW()-11,"") -> 69 | B80: 45920 | E80: =IF(B80<>"",E79+C80-D80,"") -> 84000 | I80: 69
A81: =IF(B81<>"",ROW()-11,"") -> 70 | B81: 45921 | E81: =IF(B81<>"",E80+C81-D81,"") -> 84000 | I81: 70
A82: =IF(B82<>"",ROW()-11,"") -> 71 | B82: 45922 | E82: =IF(B82<>"",E81+C82-D82,"") -> 84000 | I82: 71
A83: =IF(B83<>"",ROW()-11,"") -> 72 | B83: 45923 | E83: =IF(B83<>"",E82+C83-D83,"") -> 84000 | I83: 72
A84: =IF(B84<>"",ROW()-11,"") -> 73 | B84: 45924 | E84: =IF(B84<>"",E83+C84-D84,"") -> 84000 | I84: 73
A85: =IF(B85<>"",ROW()-11,"") -> 74 | B85: 45925 | E85: =IF(B85<>"",E84+C85-D85,"") -> 84000 | I85: 74
A86: =IF(B86<>"",ROW()-11,"") -> 75 | B86: 45926 | E86: =IF(B86<>"",E85+C86-D86,"") -> 84000 | I86: 75
A87: =IF(B87<>"",ROW()-11,"") -> 76 | B87: 45927 | E87: =IF(B87<>"",E86+C87-D87,"") -> 84000 | I87: 76
A88: =IF(B88<>"",ROW()-11,"") -> 77 | B88: 45928 | E88: =IF(B88<>"",E87+C88-D88,"") -> 84000 | I88: 77
A89: =IF(B89<>"",ROW()-11,"") -> 78 | B89: 45929 | E89: =IF(B89<>"",E88+C89-D89,"") -> 84000 | I89: 78
A90: =IF(B90<>"",ROW()-11,"") -> 79 | B90: 45930 | C90: 5000 | E90: =IF(B90<>"",E89+C90-D90,"") -> 89000 | I90: 79
A91: =IF(B91<>"",ROW()-11,"") -> 80 | B91: 45931 | E91: =IF(B91<>"",E90+C91-D91,"") -> 89000 | I91: 80
A92: =IF(B92<>"",ROW()-11,"") -> 81 | B92: 45932 | E92: =IF(B92<>"",E91+C92-D92,"") -> 89000 | I92: 81
A93: =IF(B93<>"",ROW()-11,"") -> 82 | B93: 45933 | E93: =IF(B93<>"",E92+C93-D93,"") -> 89000 | I93: 82
A94: =IF(B94<>"",ROW()-11,"") -> 83 | B94: 45934 | E94: =IF(B94<>"",E93+C94-D94,"") -> 89000 | I94: 83
A95: =IF(B95<>"",ROW()-11,"") -> 84 | B95: 45935 | E95: =IF(B95<>"",E94+C95-D95,"") -> 89000 | I95: 84
A96: =IF(B96<>"",ROW()-11,"") -> 85 | B96: 45936 | E96: =IF(B96<>"",E95+C96-D96,"") -> 89000 | I96: 85
A97: =IF(B97<>"",ROW()-11,"") -> 86 | B97: 45937 | E97: =IF(B97<>"",E96+C97-D97,"") -> 89000 | I97: 86
A98: =IF(B98<>"",ROW()-11,"") -> 87 | B98: 45938 | C98: 5000 | E98: =IF(B98<>"",E97+C98-D98,"") -> 94000 | I98: 87
A99: =IF(B99<>"",ROW()-11,"") -> 88 | B99: 45939 | E99: =IF(B99<>"",E98+C99-D99,"") -> 94000 | I99: 88
A100: =IF(B100<>"",ROW()-11,"") -> 89 | B100: 45940 | E100: =IF(B100<>"",E99+C100-D100,"") -> 94000 | I100: 89
A101: =IF(B101<>"",ROW()-11,"") -> 90 | B101: 45941 | E101: =IF(B101<>"",E100+C101-D101,"") -> 94000 | I101: 90
A102: =IF(B102<>"",ROW()-11,"") -> 91 | B102: 45942 | E102: =IF(B102<>"",E101+C102-D102,"") -> 94000 | I102: 91
A103: =IF(B103<>"",ROW()-11,"") -> 92 | B103: 45943 | E103: =IF(B103<>"",E102+C103-D103,"") -> 94000 | I103: 92
A104: =IF(B104<>"",ROW()-11,"") -> 93 | B104: 45944 | E104: =IF(B104<>"",E103+C104-D104,"") -> 94000 | I104: 93
A105: =IF(B105<>"",ROW()-11,"") -> 94 | B105: 45945 | E105: =IF(B105<>"",E104+C105-D105,"") -> 94000 | I105: 94
A106: =IF(B106<>"",ROW()-11,"") -> 95 | B106: 45946 | E106: =IF(B106<>"",E105+C106-D106,"") -> 94000 | I106: 95
...

Sheet 30
A1: BUKU TABUNGAN SISWA
A3: Nama | C3: =Sheet1!C38 -> SIFA ANINDIA
A4: NIS | C4: =Sheet1!B38 -> 231001315
A5: Kelas | C5: =Sheet1!C4 -> XII - OTKP 1
A6: Jumlah Setoran | C6: =SUM(C12:C376) -> 100000
A7: Jumlah Penarikan | C7: =SUM(D12:D376) -> 75000
A8: Saldo Tabungan | C8: =SUM(C6-C7) -> 25000
A11: NO | B11: TANGGAL | C11: SETORAN | D11: PENARIKAN | E11: SALDO
A12: =IF(B12<>"",ROW()-11,"") -> 1 | B12: 45852 | C12: 54000 | E12: =IF(B12<>"",C12-D12,"") -> 54000 | I12: 1
A13: =IF(B13<>"",ROW()-11,"") -> 2 | B13: 45853 | E13: =IF(B13<>"",E12+C13-D13,"") -> 54000 | I13: 2
A14: =IF(B14<>"",ROW()-11,"") -> 3 | B14: 45854 | E14: =IF(B14<>"",E13+C14-D14,"") -> 54000 | I14: 3
A15: =IF(B15<>"",ROW()-11,"") -> 4 | B15: 45855 | E15: =IF(B15<>"",E14+C15-D15,"") -> 54000 | I15: 4
A16: =IF(B16<>"",ROW()-11,"") -> 5 | B16: 45856 | E16: =IF(B16<>"",E15+C16-D16,"") -> 54000 | I16: 5
A17: =IF(B17<>"",ROW()-11,"") -> 6 | B17: 45857 | E17: =IF(B17<>"",E16+C17-D17,"") -> 54000 | I17: 6
A18: =IF(B18<>"",ROW()-11,"") -> 7 | B18: 45858 | E18: =IF(B18<>"",E17+C18-D18,"") -> 54000 | I18: 7
A19: =IF(B19<>"",ROW()-11,"") -> 8 | B19: 45859 | E19: =IF(B19<>"",E18+C19-D19,"") -> 54000 | I19: 8
A20: =IF(B20<>"",ROW()-11,"") -> 9 | B20: 45860 | E20: =IF(B20<>"",E19+C20-D20,"") -> 54000 | I20: 9
A21: =IF(B21<>"",ROW()-11,"") -> 10 | B21: 45861 | E21: =IF(B21<>"",E20+C21-D21,"") -> 54000 | I21: 10
A22: =IF(B22<>"",ROW()-11,"") -> 11 | B22: 45862 | E22: =IF(B22<>"",E21+C22-D22,"") -> 54000 | I22: 11
A23: =IF(B23<>"",ROW()-11,"") -> 12 | B23: 45863 | E23: =IF(B23<>"",E22+C23-D23,"") -> 54000 | I23: 12
A24: =IF(B24<>"",ROW()-11,"") -> 13 | B24: 45864 | E24: =IF(B24<>"",E23+C24-D24,"") -> 54000 | I24: 13
... A28: =IF(B28<>"",ROW()-11,"") -> 17 | B28: 45868 | E28: =IF(B28<>"",E27+C28-D28,"") -> 54000 | I28: 17
A29: =IF(B29<>"",ROW()-11,"") -> 18 | B29: 45869 | C29: 2000 | E29: =IF(B29<>"",E28+C29-D29,"") -> 56000 | I29: 18
A30: =IF(B30<>"",ROW()-11,"") -> 19 | B30: 45870 | E30: =IF(B30<>"",E29+C30-D30,"") -> 56000 | I30: 19
A31: =IF(B31<>"",ROW()-11,"") -> 20 | B31: 45871 | E31: =IF(B31<>"",E30+C31-D31,"") -> 56000 | I31: 20
A32: =IF(B32<>"",ROW()-11,"") -> 21 | B32: 45872 | E32: =IF(B32<>"",E31+C32-D32,"") -> 56000 | I32: 21
A33: =IF(B33<>"",ROW()-11,"") -> 22 | B33: 45873 | C33: 2000 | E33: =IF(B33<>"",E32+C33-D33,"") -> 58000 | I33: 22
A34: =IF(B34<>"",ROW()-11,"") -> 23 | B34: 45874 | E34: =IF(B34<>"",E33+C34-D34,"") -> 58000 | I34: 23
A35: =IF(B35<>"",ROW()-11,"") -> 24 | B35: 45875 | C35: 2000 | E35: =IF(B35<>"",E34+C35-D35,"") -> 60000 | I35: 24
A36: =IF(B36<>"",ROW()-11,"") -> 25 | B36: 45876 | C36: 2000 | E36: =IF(B36<>"",E35+C36-D36,"") -> 62000 | I36: 25
A37: =IF(B37<>"",ROW()-11,"") -> 26 | B37: 45877 | E37: =IF(B37<>"",E36+C37-D37,"") -> 62000 | I37: 26
A38: =IF(B38<>"",ROW()-11,"") -> 27 | B38: 45878 | E38: =IF(B38<>"",E37+C38-D38,"") -> 62000 | I38: 27
A39: =IF(B39<>"",ROW()-11,"") -> 28 | B39: 45879 | E39: =IF(B39<>"",E38+C39-D39,"") -> 62000 | I39: 28
A40: =IF(B40<>"",ROW()-11,"") -> 29 | B40: 45880 | E40: =IF(B40<>"",E39+C40-D40,"") -> 62000 | I40: 29
A41: =IF(B41<>"",ROW()-11,"") -> 30 | B41: 45881 | C41: 2000 | E41: =IF(B41<>"",E40+C41-D41,"") -> 64000 | I41: 30
A42: =IF(B42<>"",ROW()-11,"") -> 31 | B42: 45882 | E42: =IF(B42<>"",E41+C42-D42,"") -> 64000 | I42: 31
A43: =IF(B43<>"",ROW()-11,"") -> 32 | B43: 45883 | E43: =IF(B43<>"",E42+C43-D43,"") -> 64000 | I43: 32
A44: =IF(B44<>"",ROW()-11,"") -> 33 | B44: 45884 | E44: =IF(B44<>"",E43+C44-D44,"") -> 64000 | I44: 33
A45: =IF(B45<>"",ROW()-11,"") -> 34 | B45: 45885 | E45: =IF(B45<>"",E44+C45-D45,"") -> 64000 | I45: 34
A46: =IF(B46<>"",ROW()-11,"") -> 35 | B46: 45886 | E46: =IF(B46<>"",E45+C46-D46,"") -> 64000 | I46: 35
A47: =IF(B47<>"",ROW()-11,"") -> 36 | B47: 45887 | E47: =IF(B47<>"",E46+C47-D47,"") -> 64000 | I47: 36
A48: =IF(B48<>"",ROW()-11,"") -> 37 | B48: 45888 | E48: =IF(B48<>"",E47+C48-D48,"") -> 64000 | I48: 37
A49: =IF(B49<>"",ROW()-11,"") -> 38 | B49: 45889 | C49: 2000 | E49: =IF(B49<>"",E48+C49-D49,"") -> 66000 | I49: 38
A50: =IF(B50<>"",ROW()-11,"") -> 39 | B50: 45890 | E50: =IF(B50<>"",E49+C50-D50,"") -> 66000 | I50: 39
A51: =IF(B51<>"",ROW()-11,"") -> 40 | B51: 45891 | C51: 2000 | E51: =IF(B51<>"",E50+C51-D51,"") -> 68000 | I51: 40
A52: =IF(B52<>"",ROW()-11,"") -> 41 | B52: 45892 | E52: =IF(B52<>"",E51+C52-D52,"") -> 68000 | I52: 41
A53: =IF(B53<>"",ROW()-11,"") -> 42 | B53: 45893 | E53: =IF(B53<>"",E52+C53-D53,"") -> 68000 | I53: 42
A54: =IF(B54<>"",ROW()-11,"") -> 43 | B54: 45894 | E54: =IF(B54<>"",E53+C54-D54,"") -> 68000 | I54: 43
A55: =IF(B55<>"",ROW()-11,"") -> 44 | B55: 45895 | E55: =IF(B55<>"",E54+C55-D55,"") -> 68000 | I55: 44
A56: =IF(B56<>"",ROW()-11,"") -> 45 | B56: 45896 | E56: =IF(B56<>"",E55+C56-D56,"") -> 68000 | I56: 45
A57: =IF(B57<>"",ROW()-11,"") -> 46 | B57: 45897 | C57: 2000 | E57: =IF(B57<>"",E56+C57-D57,"") -> 70000 | I57: 46
A58: =IF(B58<>"",ROW()-11,"") -> 47 | B58: 45898 | C58: 2000 | E58: =IF(B58<>"",E57+C58-D58,"") -> 72000 | I58: 47
A59: =IF(B59<>"",ROW()-11,"") -> 48 | B59: 45899 | E59: =IF(B59<>"",E58+C59-D59,"") -> 72000 | I59: 48
A60: =IF(B60<>"",ROW()-11,"") -> 49 | B60: 45900 | E60: =IF(B60<>"",E59+C60-D60,"") -> 72000 | I60: 49
A61: =IF(B61<>"",ROW()-11,"") -> 50 | B61: 45901 | E61: =IF(B61<>"",E60+C61-D61,"") -> 72000 | I61: 50
A62: =IF(B62<>"",ROW()-11,"") -> 51 | B62: 45902 | E62: =IF(B62<>"",E61+C62-D62,"") -> 72000 | I62: 51
A63: =IF(B63<>"",ROW()-11,"") -> 52 | B63: 45903 | C63: 2000 | E63: =IF(B63<>"",E62+C63-D63,"") -> 74000 | I63: 52
A64: =IF(B64<>"",ROW()-11,"") -> 53 | B64: 45904 | E64: =IF(B64<>"",E63+C64-D64,"") -> 74000 | I64: 53
A65: =IF(B65<>"",ROW()-11,"") -> 54 | B65: 45905 | E65: =IF(B65<>"",E64+C65-D65,"") -> 74000 | I65: 54
A66: =IF(B66<>"",ROW()-11,"") -> 55 | B66: 45906 | E66: =IF(B66<>"",E65+C66-D66,"") -> 74000 | I66: 55
A67: =IF(B67<>"",ROW()-11,"") -> 56 | B67: 45907 | E67: =IF(B67<>"",E66+C67-D67,"") -> 74000 | I67: 56
A68: =IF(B68<>"",ROW()-11,"") -> 57 | B68: 45908 | E68: =IF(B68<>"",E67+C68-D68,"") -> 74000 | I68: 57
A69: =IF(B69<>"",ROW()-11,"") -> 58 | B69: 45909 | C69: 2000 | E69: =IF(B69<>"",E68+C69-D69,"") -> 76000 | I69: 58
A70: =IF(B70<>"",ROW()-11,"") -> 59 | B70: 45910 | E70: =IF(B70<>"",E69+C70-D70,"") -> 76000 | I70: 59
A71: =IF(B71<>"",ROW()-11,"") -> 60 | B71: 45911 | C71: 2000 | E71: =IF(B71<>"",E70+C71-D71,"") -> 78000 | I71: 60
A72: =IF(B72<>"",ROW()-11,"") -> 61 | B72: 45912 | E72: =IF(B72<>"",E71+C72-D72,"") -> 78000 | I72: 61
A73: =IF(B73<>"",ROW()-11,"") -> 62 | B73: 45913 | E73: =IF(B73<>"",E72+C73-D73,"") -> 78000 | I73: 62
A74: =IF(B74<>"",ROW()-11,"") -> 63 | B74: 45914 | E74: =IF(B74<>"",E73+C74-D74,"") -> 78000 | I74: 63
A75: =IF(B75<>"",ROW()-11,"") -> 64 | B75: 45915 | C75: 2000 | E75: =IF(B75<>"",E74+C75-D75,"") -> 80000 | I75: 64
A76: =IF(B76<>"",ROW()-11,"") -> 65 | B76: 45916 | E76: =IF(B76<>"",E75+C76-D76,"") -> 80000 | I76: 65
A77: =IF(B77<>"",ROW()-11,"") -> 66 | B77: 45917 | E77: =IF(B77<>"",E76+C77-D77,"") -> 80000 | I77: 66
A78: =IF(B78<>"",ROW()-11,"") -> 67 | B78: 45918 | C78: 2000 | E78: =IF(B78<>"",E77+C78-D78,"") -> 82000 | I78: 67
A79: =IF(B79<>"",ROW()-11,"") -> 68 | B79: 45919 | D79: 75000 | E79: =IF(B79<>"",E78+C79-D79,"") -> 7000 | I79: 68
A80: =IF(B80<>"",ROW()-11,"") -> 69 | B80: 45920 | E80: =IF(B80<>"",E79+C80-D80,"") -> 7000 | I80: 69
A81: =IF(B81<>"",ROW()-11,"") -> 70 | B81: 45921 | E81: =IF(B81<>"",E80+C81-D81,"") -> 7000 | I81: 70
A82: =IF(B82<>"",ROW()-11,"") -> 71 | B82: 45922 | E82: =IF(B82<>"",E81+C82-D82,"") -> 7000 | I82: 71
A83: =IF(B83<>"",ROW()-11,"") -> 72 | B83: 45923 | E83: =IF(B83<>"",E82+C83-D83,"") -> 7000 | I83: 72
A84: =IF(B84<>"",ROW()-11,"") -> 73 | B84: 45924 | E84: =IF(B84<>"",E83+C84-D84,"") -> 7000 | I84: 73
A85: =IF(B85<>"",ROW()-11,"") -> 74 | B85: 45925 | E85: =IF(B85<>"",E84+C85-D85,"") -> 7000 | I85: 74
A86: =IF(B86<>"",ROW()-11,"") -> 75 | B86: 45926 | E86: =IF(B86<>"",E85+C86-D86,"") -> 7000 | I86: 75
A87: =IF(B87<>"",ROW()-11,"") -> 76 | B87: 45927 | E87: =IF(B87<>"",E86+C87-D87,"") -> 7000 | I87: 76
A88: =IF(B88<>"",ROW()-11,"") -> 77 | B88: 45928 | E88: =IF(B88<>"",E87+C88-D88,"") -> 7000 | I88: 77
A89: =IF(B89<>"",ROW()-11,"") -> 78 | B89: 45929 | C89: 2000 | E89: =IF(B89<>"",E88+C89-D89,"") -> 9000 | I89: 78
A90: =IF(B90<>"",ROW()-11,"") -> 79 | B90: 45930 | C90: 2000 | E90: =IF(B90<>"",E89+C90-D90,"") -> 11000 | I90: 79
A91: =IF(B91<>"",ROW()-11,"") -> 80 | B91: 45931 | C91: 2000 | E91: =IF(B91<>"",E90+C91-D91,"") -> 13000 | I91: 80
A92: =IF(B92<>"",ROW()-11,"") -> 81 | B92: 45932 | C92: 2000 | E92: =IF(B92<>"",E91+C92-D92,"") -> 15000 | I92: 81
A93: =IF(B93<>"",ROW()-11,"") -> 82 | B93: 45933 | E93: =IF(B93<>"",E92+C93-D93,"") -> 15000 | I93: 82
A94: =IF(B94<>"",ROW()-11,"") -> 83 | B94: 45934 | E94: =IF(B94<>"",E93+C94-D94,"") -> 15000 | I94: 83
A95: =IF(B95<>"",ROW()-11,"") -> 84 | B95: 45935 | E95: =IF(B95<>"",E94+C95-D95,"") -> 15000 | I95: 84
A96: =IF(B96<>"",ROW()-11,"") -> 85 | B96: 45936 | E96: =IF(B96<>"",E95+C96-D96,"") -> 15000 | I96: 85
A97: =IF(B97<>"",ROW()-11,"") -> 86 | B97: 45937 | E97: =IF(B97<>"",E96+C97-D97,"") -> 15000 | I97: 86
A98: =IF(B98<>"",ROW()-11,"") -> 87 | B98: 45938 | C98: 2000 | E98: =IF(B98<>"",E97+C98-D98,"") -> 17000 | I98: 87
A99: =IF(B99<>"",ROW()-11,"") -> 88 | B99: 45939 | C99: 2000 | E99: =IF(B99<>"",E98+C99-D99,"") -> 19000 | I99: 88
A100: =IF(B100<>"",ROW()-11,"") -> 89 | B100: 45940 | E100: =IF(B100<>"",E99+C100-D100,"") -> 19000 | I100: 89
A101: =IF(B101<>"",ROW()-11,"") -> 90 | B101: 45941 | E101: =IF(B101<>"",E100+C101-D101,"") -> 19000 | I101: 90
A102: =IF(B102<>"",ROW()-11,"") -> 91 | B102: 45942 | E102: =IF(B102<>"",E101+C102-D102,"") -> 19000 | I102: 91
A103: =IF(B103<>"",ROW()-11,"") -> 92 | B103: 45943 | C103: 2000 | E103: =IF(B103<>"",E102+C103-D103,"") -> 21000 | I103: 92
A104: =IF(B104<>"",ROW()-11,"") -> 93 | B104: 45944 | C104: 2000 | E104: =IF(B104<>"",E103+C104-D104,"") -> 23000 | I104: 93
A105: =IF(B105<>"",ROW()-11,"") -> 94 | B105: 45945 | C105: 2000 | E105: =IF(B105<>"",E104+C105-D105,"") -> 25000 | I105: 94
A106: =IF(B106<>"",ROW()-11,"") -> 95 | B106: 45946 | E106: =IF(B106<>"",E105+C106-D106,"") -> 25000 | I106: 95
...

Sheet 31
A1: BUKU TABUNGAN SISWA
A3: Nama | C3: =Sheet1!C39 -> SITI HANNA MUZVIROH
A4: NIS | C4: =Sheet1!B39 -> 231001316
A5: Kelas | C5: =Sheet1!C4 -> XII - OTKP 1
A6: Jumlah Setoran | C6: =SUM(C12:C376) -> 280000
A7: Jumlah Penarikan | C7: =SUM(D12:D376) -> 0
A8: Saldo Tabungan | C8: =SUM(C6-C7) -> 280000
A11: NO | B11: TANGGAL | C11: SETORAN | D11: PENARIKAN | E11: SALDO
A12: =IF(B12<>"",ROW()-11,"") -> 1 | B12: 45852 | C12: 200000 | E12: =IF(B12<>"",C12-D12,"") -> 200000 | I12: 1
A13: =IF(B13<>"",ROW()-11,"") -> 2 | B13: 45853 | E13: =IF(B13<>"",E12+C13-D13,"") -> 200000 | I13: 2
A14: =IF(B14<>"",ROW()-11,"") -> 3 | B14: 45854 | E14: =IF(B14<>"",E13+C14-D14,"") -> 200000 | I14: 3
A15: =IF(B15<>"",ROW()-11,"") -> 4 | B15: 45855 | E15: =IF(B15<>"",E14+C15-D15,"") -> 200000 | I15: 4
A16: =IF(B16<>"",ROW()-11,"") -> 5 | B16: 45856 | E16: =IF(B16<>"",E15+C16-D16,"") -> 200000 | I16: 5
A17: =IF(B17<>"",ROW()-11,"") -> 6 | B17: 45857 | E17: =IF(B17<>"",E16+C17-D17,"") -> 200000 | I17: 6
A18: =IF(B18<>"",ROW()-11,"") -> 7 | B18: 45858 | E18: =IF(B18<>"",E17+C18-D18,"") -> 200000 | I18: 7
A19: =IF(B19<>"",ROW()-11,"") -> 8 | B19: 45859 | E19: =IF(B19<>"",E18+C19-D19,"") -> 200000 | I19: 8
A20: =IF(B20<>"",ROW()-11,"") -> 9 | B20: 45860 | E20: =IF(B20<>"",E19+C20-D20,"") -> 200000 | I20: 9
A21: =IF(B21<>"",ROW()-11,"") -> 10 | B21: 45861 | E21: =IF(B21<>"",E20+C21-D21,"") -> 200000 | I21: 10
A22: =IF(B22<>"",ROW()-11,"") -> 11 | B22: 45862 | E22: =IF(B22<>"",E21+C22-D22,"") -> 200000 | I22: 11
A23: =IF(B23<>"",ROW()-11,"") -> 12 | B23: 45863 | E23: =IF(B23<>"",E22+C23-D23,"") -> 200000 | I23: 12
A24: =IF(B24<>"",ROW()-11,"") -> 13 | B24: 45864 | E24: =IF(B24<>"",E23+C24-D24,"") -> 200000 | I24: 13
A25: =IF(B25<>"",ROW()-11,"") -> 14 | B25: 45865 | E25: =IF(B25<>"",E24+C25-D25,"") -> 200000 | I25: 14
A26: =IF(B26<>"",ROW()-11,"") -> 15 | B26: 45866 | C26: 5000 | E26: =IF(B26<>"",E25+C26-D26,"") -> 205000 | I26: 15
A27: =IF(B27<>"",ROW()-11,"") -> 16 | B27: 45867 | E27: =IF(B27<>"",E26+C27-D27,"") -> 205000 | I27: 16
A28: =IF(B28<>"",ROW()-11,"") -> 17 | B28: 45868 | E28: =IF(B28<>"",E27+C28-D28,"") -> 205000 | I28: 17
A29: =IF(B29<>"",ROW()-11,"") -> 18 | B29: 45869 | E29: =IF(B29<>"",E28+C29-D29,"") -> 205000 | I29: 18
A30: =IF(B30<>"",ROW()-11,"") -> 19 | B30: 45870 | C30: 5000 | E30: =IF(B30<>"",E29+C30-D30,"") -> 210000 | I30: 19
A31: =IF(B31<>"",ROW()-11,"") -> 20 | B31: 45871 | E31: =IF(B31<>"",E30+C31-D31,"") -> 210000 | I31: 20
A32: =IF(B32<>"",ROW()-11,"") -> 21 | B32: 45872 | E32: =IF(B32<>"",E31+C32-D32,"") -> 210000 | I32: 21
A33: =IF(B33<>"",ROW()-11,"") -> 22 | B33: 45873 | E33: =IF(B33<>"",E32+C33-D33,"") -> 210000 | I33: 22
A34: =IF(B34<>"",ROW()-11,"") -> 23 | B34: 45874 | C34: 5000 | E34: =IF(B34<>"",E33+C34-D34,"") -> 215000 | I34: 23
A35: =IF(B35<>"",ROW()-11,"") -> 24 | B35: 45875 | C35: 5000 | E35: =IF(B35<>"",E34+C35-D35,"") -> 220000 | I35: 24
A36: =IF(B36<>"",ROW()-11,"") -> 25 | B36: 45876 | C36: 5000 | E36: =IF(B36<>"",E35+C36-D36,"") -> 225000 | I36: 25
A37: =IF(B37<>"",ROW()-11,"") -> 26 | B37: 45877 | C37: 5000 | E37: =IF(B37<>"",E36+C37-D37,"") -> 230000 | I37: 26
A38: =IF(B38<>"",ROW()-11,"") -> 27 | B38: 45878 | E38: =IF(B38<>"",E37+C38-D38,"") -> 230000 | I38: 27
A39: =IF(B39<>"",ROW()-11,"") -> 28 | B39: 45879 | E39: =IF(B39<>"",E38+C39-D39,"") -> 230000 | I39: 28
A40: =IF(B40<>"",ROW()-11,"") -> 29 | B40: 45880 | C40: 5000 | E40: =IF(B40<>"",E39+C40-D40,"") -> 235000 | I40: 29
A41: =IF(B41<>"",ROW()-11,"") -> 30 | B41: 45881 | C41: 5000 | E41: =IF(B41<>"",E40+C41-D41,"") -> 240000 | I41: 30
A42: =IF(B42<>"",ROW()-11,"") -> 31 | B42: 45882 | E42: =IF(B42<>"",E41+C42-D42,"") -> 240000 | I42: 31
A43: =IF(B43<>"",ROW()-11,"") -> 32 | B43: 45883 | C43: 5000 | E43: =IF(B43<>"",E42+C43-D43,"") -> 245000 | I43: 32
A44: =IF(B44<>"",ROW()-11,"") -> 33 | B44: 45884 | C44: 5000 | E44: =IF(B44<>"",E43+C44-D44,"") -> 250000 | I44: 33
A45: =IF(B45<>"",ROW()-11,"") -> 34 | B45: 45885 | E45: =IF(B45<>"",E44+C45-D45,"") -> 250000 | I45: 34
A46: =IF(B46<>"",ROW()-11,"") -> 35 | B46: 45886 | E46: =IF(B46<>"",E45+C46-D46,"") -> 250000 | I46: 35
A47: =IF(B47<>"",ROW()-11,"") -> 36 | B47: 45887 | E47: =IF(B47<>"",E46+C47-D47,"") -> 250000 | I47: 36
A48: =IF(B48<>"",ROW()-11,"") -> 37 | B48: 45888 | C48: 5000 | E48: =IF(B48<>"",E47+C48-D48,"") -> 255000 | I48: 37
A49: =IF(B49<>"",ROW()-11,"") -> 38 | B49: 45889 | C49: 5000 | E49: =IF(B49<>"",E48+C49-D49,"") -> 260000 | I49: 38
A50: =IF(B50<>"",ROW()-11,"") -> 39 | B50: 45890 | C50: 5000 | E50: =IF(B50<>"",E49+C50-D50,"") -> 265000 | I50: 39
A51: =IF(B51<>"",ROW()-11,"") -> 40 | B51: 45891 | E51: =IF(B51<>"",E50+C51-D51,"") -> 265000 | I51: 40
A52: =IF(B52<>"",ROW()-11,"") -> 41 | B52: 45892 | E52: =IF(B52<>"",E51+C52-D52,"") -> 265000 | I52: 41
A53: =IF(B53<>"",ROW()-11,"") -> 42 | B53: 45893 | E53: =IF(B53<>"",E52+C53-D53,"") -> 265000 | I53: 42
A54: =IF(B54<>"",ROW()-11,"") -> 43 | B54: 45894 | E54: =IF(B54<>"",E53+C54-D54,"") -> 265000 | I54: 43
A55: =IF(B55<>"",ROW()-11,"") -> 44 | B55: 45895 | E55: =IF(B55<>"",E54+C55-D55,"") -> 265000 | I55: 44
A56: =IF(B56<>"",ROW()-11,"") -> 45 | B56: 45896 | E56: =IF(B56<>"",E55+C56-D56,"") -> 265000 | I56: 45
